id,Class,Tags,Combined,Archetype,,Level,Class Ability,Description,Img
,Barbarian (UC),"[[""Barbarian (UC)""],[""Raging Cannibal""]]",Barbarian (UC) (Raging Cannibal),Raging Cannibal,<id-00005,2,Animal Fury,"<p>At 2nd level, a raging cannibal must select animal fury as her first rage power.</p>",icons/weapons/axes/axe-double-engraved-runes.webp
,Barbarian (UC),"[[""Barbarian (UC)""],[""Armored Hulk""]]",Barbarian (UC) (Armored Hulk),Armored Hulk,<id-00004,2,Armored Swiftness,"<p>At 2nd level, an armored hulk moves faster in medium and heavy armor. When wearing medium or heavy armor, an armored hulk can move 5 feet faster than normal, to a maximum of her speed. This ability replaces uncanny dodge.</p>",icons/weapons/axes/axe-double-engraved-runes.webp
,Barbarian (UC),"[[""Barbarian (UC)""],[""Breaker""]]",Barbarian (UC) (Breaker),Breaker,<id-00006,3,Battle Scavenger,"<p>At 3rd level, the breaker barbarian suffers no penalty on attack rolls when using an improvised weapon or a weapon with the broken condition. In addition, she gains a +1 bonus on damage rolls with improvised or broken weapons for every three levels beyond 3rd. This ability replaces trap sense.</p>",icons/weapons/axes/axe-double-engraved-runes.webp
,Barbarian (UC),"[[""Barbarian (UC)""],[""Mounted Fury""]]",Barbarian (UC) (Mounted Fury),Mounted Fury,<id-00008,5,Bestial Mount,"<p>At 5th level, the mounted fury gains the service of a feral mount. This ability functions as a druid's animal companion, using the barbarian's level -4 as her effective druid level. This companion must be one that she is capable of riding and is suitable as a mount. A Medium barbarian can select a camel or a horse. A Small barbarian can select a pony or a wolf, but can also select a boar or a dog if she is at least 8th level. Whenever a barbarian is raging while mounted on her bestial mount, the mount gains a +2 morale bonus to its Strength. This ability replaces uncanny dodge and improved uncanny dodge.</p>",icons/weapons/axes/axe-double-engraved-runes.webp
,Barbarian (UC),"[[""Barbarian (UC)""],[""Titan Mauler""]]",Barbarian (UC) (Titan Mauler),Titan Mauler,<id-00002,1,Big Game Hunter,<p>A titan mauler gains a +1 bonus on attack rolls and a +1 dodge bonus to AC in melee with creatures larger than themselves. This ability replaces fast movement.</p>,icons/weapons/axes/axe-double-engraved-runes.webp
,Barbarian (UC),"[[""Barbarian (UC)""],[""Sharptooth""]]",Barbarian (UC) (Sharptooth),Sharptooth,<id-00010,6,Blood in the Water,"<p>At 6th level, a sharptooth can tear the flesh from living creatures. Her attacks add 3 points of bleed damage while she is raging. At 12th level, this bleed damage increases to equal her Constitution modifier if it's higher.</p>",icons/weapons/axes/axe-double-engraved-runes.webp
,Barbarian (UC),"[[""Barbarian (UC)""],[""Fearsome Defender""]]",Barbarian (UC) (Fearsome Defender),Fearsome Defender,<id-00008,5,Bloodlust,"<p>At 5th level, a fearsome defender's eagerness for bloodshed makes her quicker to act in a fight. She adds her Charisma modifier to initiative checks and always acts during the surprise round. If the fearsome defender is surprised during the surprise round, she acts last in that round and then determines initiative order normally for the remainder of combat.</p>",icons/weapons/axes/axe-double-engraved-runes.webp
,Barbarian (UC),"[[""Barbarian (UC)""],[""Pack Rager""]]",Barbarian (UC) (Pack Rager),Pack Rager,<id-00005,2,Bonus Feat,"<p>At 2nd level and every 4 levels thereafter, the pack rager can take a bonus teamwork feat. This teamwork feat must also be a combat feat.</p>",icons/weapons/axes/axe-double-engraved-runes.webp
,Barbarian (UC),"[[""Barbarian (UC)""],[""Wildborn""]]",Barbarian (UC) (Wildborn),Wildborn,<id-00032,4,Bonus Feat,"<p>At 4th level, 10th level and 16th level, a wildborn can choose a bonus feat from the following rather than select a rage power: Alertness, Animal Affinity, Athletic, Great Fortitude, Improvised Weapon Mastery, Iron Will, Lightning Reflexes, Self-Sufficient, Stealthy, or Throw Anything.</p>",icons/weapons/axes/axe-double-engraved-runes.webp
,Barbarian (UC),"[[""Barbarian (UC)""],[""Pack Hunter""]]",Barbarian (UC) (Pack Hunter),Pack Hunter,<id-00031,2,Bonus Feats,"<p>Whenever a pack hunter would gain a new rage power, she can instead select a teamwork feat. She must still meet the prerequisites for the teamwork feat.</p>",icons/weapons/axes/axe-double-engraved-runes.webp
,Barbarian (UC),"[[""Barbarian (UC)""],[""Shoanti Burn Rider""]]",Barbarian (UC) (Shoanti Burn Rider),Shoanti Burn Rider,<id-00006,3,Cinder Dance,"<p>At 3rd level, when a burn rider succeeds at a Reflex save to avoid fire damage, she can spend an immediate action to move up to half her speed. If the burn rider ends this movement outside the area of effect, she takes no damage from the effect. After this sudden movement, the burn rider is staggered until the end of her next turn. If the burn rider is mounted, her mount makes the movement instead, and both the mount and the burn rider are staggered until the end of the burn rider's next turn. This ability replaces trap sense.</p>",icons/weapons/axes/axe-double-engraved-runes.webp
,Barbarian (UC),"[[""Barbarian (UC)""],[""Shoanti Burn Rider""]]",Barbarian (UC) (Shoanti Burn Rider),Shoanti Burn Rider,<id-00004,2,Cinder Sight,"<p>At 2nd level, a Shoanti burn rider can see through fire, fog, and smoke without penalty as long as the light is sufficient to allow her to see normally. This ability replaces uncanny dodge.</p>",icons/weapons/axes/axe-double-engraved-runes.webp
,Barbarian (UC),"[[""Barbarian (UC)""],[""Raging Cannibal""]]",Barbarian (UC) (Raging Cannibal),Raging Cannibal,<id-00004,2,Consume Vigor,"<p>At 2nd level, when a raging cannibal reduces a creature of the same creature type as herself to 0 or fewer hit points with her bite attack during combat while raging, she can consume a chunk of its body to gain a portion of its power. If the creature's CR equals or exceeds her barbarian level, the raging cannibal gains 1 additional round of rage. She can never consume the same creature's vigor more than once. At 5th level and every 3 levels thereafter, the raging cannibal gains 1 additional round of rage each time she uses this ability.</p>",icons/weapons/axes/axe-double-engraved-runes.webp
,Barbarian (UC),"[[""Barbarian (UC)""],[""Untamed Rager""]]",Barbarian (UC) (Untamed Rager),Untamed Rager,<id-00008,5,Deplorable Tactics,"<p>At 5th level, the untamed rager gains Greater Dirty Trick as a bonus feat. This ability replaces improved uncanny dodge.</p>",icons/weapons/axes/axe-double-engraved-runes.webp
,Barbarian (UC),"[[""Barbarian (UC)""],[""Untamed Rager""]]",Barbarian (UC) (Untamed Rager),Untamed Rager,<id-00004,2,Despicable Tactics,"<p>At 2nd level, the untamed rager gains Improved Dirty Trick as a bonus feat. This ability replaces uncanny dodge.</p>",icons/weapons/axes/axe-double-engraved-runes.webp
,Barbarian (UC),"[[""Barbarian (UC)""],[""Breaker""]]",Barbarian (UC) (Breaker),Breaker,<id-00002,1,Destructive,"<p>Whenever the breaker barbarian makes a melee attack that targets an unattended object or makes a sunder combat maneuver, she adds half her barbarian level (minimum +1) on the damage roll. This ability replaces fast movement.</p>",icons/weapons/axes/axe-double-engraved-runes.webp
,Barbarian (UC),"[[""Barbarian (UC)""],[""Untamed Rager""]]",Barbarian (UC) (Untamed Rager),Untamed Rager,<id-00012,7,Dishonorable,"<p>At 7th level and every 3 barbarian levels thereafter, the untamed rager gains a +1 bonus on combat maneuver checks when performing dirty tricks and to her CMD to resist others' dirty tricks. This ability replaces damage reduction.</p>",icons/weapons/axes/axe-double-engraved-runes.webp
,Barbarian (UC),"[[""Barbarian (UC)""],[""Numerian Liberator""]]",Barbarian (UC) (Numerian Liberator),Numerian Liberator,<id-00008,5,Disruptor,"<p>At 5th level, for any foes in a Numerian liberator's threatened area, the DC to cast spells defensively increases by 1. The DC increases by 1 again for every 5 levels thereafter (to a maximum increase of 4 at 20th level). If the barbarian gains the disruptive rage power, the two abilities stack. This ability replaces improved uncanny dodge.</p>",icons/weapons/axes/axe-double-engraved-runes.webp
,Barbarian (UC),"[[""Barbarian (UC)""],[""Drunken Rager""]]",Barbarian (UC) (Drunken Rager),Drunken Rager,<id-00002,1,Drunken Rage,"<p>At 1st level, a drunken rager can drink a unit of ale or other strong alcohol while raging to gain 1 drunken rage point. The act of drinking is a standard action that does not provoke attacks of opportunity. At 1st level, the barbarian can have a maximum of 1 drunken rage point; this maximum increases by 1 every 2 levels thereafter. These drunken rage points last for 1 hour or until spent, whichever comes first. The barbarian can use drunken rage points only while raging. Unless otherwise noted, spending a drunken rage point is a free action.</p><p>A drunken rager can spend 1 drunken rage point to increase her movement speed by 20 feet for 1 round, provided she is wearing no armor, light armor, or medium armor and is not carrying a heavy load. She can also spend 1 drunken rage point to gain 1 additional round of her rage class feature, which lasts for 1 hour or until used. This ability replaces fast movement.</p>",icons/weapons/axes/axe-double-engraved-runes.webp
,Barbarian (UC),"[[""Barbarian (UC)""],[""Drunken Rager""]]",Barbarian (UC) (Drunken Rager),Drunken Rager,<id-00018,12,Drunken Swing,"<p>At 12th level, a drunken rager can spend 1 drunken rage point as a swift action before making a melee attack to drastically increase the deadliness of her attack. The critical threat range of her next attack that round increases by 1 (for example, a critical threat range of 20 would increase to 19-20). This ability does not stack with any other effect that expands the critical threat range of a weapon. At 16th level and again at 20th level, the barbarian can spend 1 additional drunken rage point to further increase the critical threat range of her next attack (to a maximum critical threat range increase of 3 at 20th level). This ability replaces the rage power gained at 12th level.</p>",icons/weapons/axes/axe-double-engraved-runes.webp
,Barbarian (UC),"[[""Barbarian (UC)""],[""Elemental Kin""]]",Barbarian (UC) (Elemental Kin),Elemental Kin,<id-00006,3,Elemental Fury,"<p>At 3rd level, whenever the elemental kin takes an amount of energy damage equal to or greater than her barbarian level while raging, she adds 1 to the total number of rounds that she can rage that day. At 6th level, and every three levels thereafter, the number of extra rounds per energy attack increases by +1, to a maximum of +6 rounds per energy attack at at 18th level. This ability replaces trap sense.</p>",icons/weapons/axes/axe-double-engraved-runes.webp
,Barbarian (UC),"[[""Barbarian (UC)""],[""Titan Mauler""]]",Barbarian (UC) (Titan Mauler),Titan Mauler,<id-00008,5,Evade Reach,"<p>At 5th level, as a swift action, a titan mauler may choose one creature within her line of sight. Until the end of her turn, that target's reach is treated as if it were 5 feet shorter with respect to reaching the titan mauler, and this reduction increases by 5 feet for every five levels beyond 5th. This ability replaces improved uncanny dodge.</p>",icons/weapons/axes/axe-double-engraved-runes.webp
,Barbarian (UC),"[[""Barbarian (UC)""],[""Invulnerable Rager""]]",Barbarian (UC) (Invulnerable Rager),Invulnerable Rager,<id-00006,3,Extreme Endurance,"<p>At 3rd level, the invulnerable rager is inured to either hot or cold climate effects (choose one) as if using endure elements. In addition, the barbarian gains 1 point of fire or cold resistance for every three levels beyond 3rd. This ability replaces trap sense.</p>",icons/weapons/axes/axe-double-engraved-runes.webp
,Barbarian (UC),"[[""Barbarian (UC)""],[""Sea Reaver""]]",Barbarian (UC) (Sea Reaver),Sea Reaver,<id-00004,2,Eyes of the Storm,"<p>At 2nd level, a sea reaver ignores any concealment provided by fog, rain, sleet, mist, wind, or other weather effects that is less than total concealment, and any penalties weather applies on Perception checks are halved. This ability replaces uncanny dodge.</p>",icons/weapons/axes/axe-double-engraved-runes.webp
,Barbarian (UC),"[[""Barbarian (UC)""],[""Mounted Fury""]]",Barbarian (UC) (Mounted Fury),Mounted Fury,<id-00002,1,Fast Rider,<p>The speed of any mount the barbarian rides is increased by 10 feet. This ability replaces fast movement.</p>,icons/weapons/axes/axe-double-engraved-runes.webp
,Barbarian (UC),"[[""Barbarian (UC)""],[""True Primitive""]]",Barbarian (UC) (True Primitive),True Primitive,<id-00002,1,Favored Terrain,"<p>A true primitive has a favored terrain representing her native homeland. This ability functions as the ranger class feature, and the true primitive's bonuses in that terrain improve by +2 at 5th level and every five levels thereafter. However, she does not gain any additional favored terrains. This ability replaces fast movement.</p>",icons/weapons/axes/axe-double-engraved-runes.webp
,Barbarian (UC),"[[""Barbarian (UC)""],[""Raging Cannibal""]]",Barbarian (UC) (Raging Cannibal),Raging Cannibal,<id-00008,5,Feed from Fury,"<p>At 5th level, a raging cannibal is empowered by eating her enemies during combat. When a raging cannibal confirms a critical hit against a creature of the same creature type as herself with her bite attack while raging, she gains a number of temporary hit points equal to her barbarian level. These temporary hit points stack with other temporary hit points gained from this ability but not with those from other sources. These temporary hit points fade after a period of time equal to 10 minutes per barbarian level.</p>",icons/weapons/axes/axe-double-engraved-runes.webp
,Barbarian (UC),"[[""Barbarian (UC)""],[""Untamed Rager""]]",Barbarian (UC) (Untamed Rager),Untamed Rager,<id-00006,3,Feral Appearance,"<p>At 3rd level, the untamed rager gains a +1 bonus on Intimidate checks. This bonus increases by 1 every 3 barbarian levels thereafter. This ability replaces trap sense.</p>",icons/weapons/axes/axe-double-engraved-runes.webp
,Barbarian (UC),"[[""Barbarian (UC)""],[""Breaker""]]",Barbarian (UC) (Breaker),Breaker,<id-00007,4,Feral Transformation,"<p>At 4th level, when entering a rage, a beastkin berserker can take the form of a Small or Medium animal. This functions as beast shape I, except the duration is for as long as the beastkin berserker rages and the animal must be one she has chosen with her savage rapport.</p><p>At 8th level, the beastkin berserker can use feral transformation to take the form of a Large or Tiny animal that she has chosen with her savage rapport. Feral transformation now acts as beast shape II.</p><p>At 12th level, a beastkin berserker is able to use feral transformation to take the form of a Huge or Diminutive animal that she has chosen with her savage rapport. Feral transformation now functions as beast shape III.</p>",icons/weapons/axes/axe-double-engraved-runes.webp
,Barbarian (UC),"[[""Barbarian (UC)""],[""Mad Dog""]]",Barbarian (UC) (Mad Dog),Mad Dog,<id-00008,5,Ferocious Fetch,"<p>At 5th level, a mad dog's war beast gains Improved Drag as a bonus feat. As a swift action, a mad dog can command her war beast to move toward an opponent within 30 feet and attempt a drag combat maneuver to pull the target back toward the mad dog. The war beast can move before and after performing the maneuver, but this movement counts toward the war beast's total movement during its turn. This ability replaces improved uncanny dodge.</p>",icons/weapons/axes/axe-double-engraved-runes.webp
,Barbarian (UC),"[[""Barbarian (UC)""],[""Shoanti Burn Rider""]]",Barbarian (UC) (Shoanti Burn Rider),Shoanti Burn Rider,<id-00002,1,Flame Runner,"<p>At 1st level, once per rage, a burn rider can goad her mount into a burst of incredible speed. The mount's speed increases by 10 feet until the end of the burn rider's turn. This bonus to speed increases by 10 feet at 9th level and again at 15th level. This ability replaces fast movement.</p>",icons/weapons/axes/axe-double-engraved-runes.webp
,Barbarian (UC),"[[""Barbarian (UC)""],[""Giant Stalker""]]",Barbarian (UC) (Giant Stalker),Giant Stalker,<id-00006,3,Giant Baiter,"<p>At 3rd level, a raging giant stalker can take a move action to erupt into a violent or vulgar display directed at a single giant within 60 feet. This display is infused with secret magical traditions that draw upon the Mammoth Lords' ancestral enmities toward giants. A targeted giant must succeed at a Will save (DC = 10 + half the giant stalker's barbarian level + the giant stalker's Constitution modifier) or be compelled to focus its attacks on the giant stalker; this ability can also affect non-giant creatures that are Large or larger, though such creatures gain a +4 bonus on the Will save to resist the effect. This compulsion ends if the giant stalker is out of sight or inaccessible to the giant's attacks. While baited, a giant is distracted and enraged by the insults-a giant stalker gains a +1 dodge bonus to her AC against any giant she has successfully baited. Once baited, a giant remains baited for a number of rounds equal to the giant stalker's Constitution modifier, or until the giant stalker's rage ends (whichever comes first). If the giant stalker baits a different giant, any previously baited giant is no longer baited. A giant that successfully saves against baiting is immune to that giant stalker's giant baiter ability for 24 hours. This is a language-dependent mind affecting effect.</p><p>At 6th level, a giant stalker can bait two giants at once, and her AC bonus against baited giants increases to +2. At 9th level, baiting giants becomes a swift action, and her AC bonus against baited giants increases to +3. At 12th level, she can bait up to three giants at once, and her AC bonus against baited giants increases to +4. At 15th level, baiting giants becomes a free action, and her AC bonus against baited giants increases to +5. At 18th level, a giant stalker can bait a number of giants equal to 3 + her Constitution modifier, and her AC bonus against baited giants increases to +6.</p>",icons/weapons/axes/axe-double-engraved-runes.webp
,Barbarian (UC),"[[""Barbarian (UC)""],[""Giant Stalker""]]",Barbarian (UC) (Giant Stalker),Giant Stalker,<id-00032,1,Giant Stalker Rage Powers,"<p>A giant stalker gains access to the following rage powers.</p><p>Giant Stalker Defense (Ex): When raging, a giant stalker does not take a penalty to Armor Class against attacks from giants.</p><p>Topple Giant (Ex): When raging, the giant stalker does not provoke attacks of opportunity when she attempts to trip a giant, and can attempt to trip a giant that is up to two size categories larger than she is.</p><p>Underfoot (Ex): When raging, the giant stalker can attempt to enter a giant's space, provided she is at least one size category smaller than the giant. This does not provoke an attack of opportunity. Doing so takes a move action and requires a successful combat maneuver check against the giant's CMD. If she succeeds, she enters a square in the giant's space. If she makes an attack against the giant while sharing its space, the giant is treated as being flat-footed against her. At the end of her turn, she exits the giant's space into any square adjacent to the giant's space.</p>",icons/weapons/axes/axe-double-engraved-runes.webp
,Barbarian (UC),"[[""Barbarian (UC)""],[""Shoanti Burn Rider""]]",Barbarian (UC) (Shoanti Burn Rider),Shoanti Burn Rider,<id-00008,5,Give Me Fire,"<p>At 5th level, if a Shoanti burn rider takes fire damage while raging, she regains 1 round of rage. The burn rider regains the round of rage only if the fire damage bypasses or exceeds any energy resistance or other protections in effect. The burn rider can only regain 1 round of rage per round. This ability replaces improved uncanny dodge.</p>",icons/weapons/axes/axe-double-engraved-runes.webp
,Barbarian (UC),"[[""Barbarian (UC)""],[""Feral Gnasher""]]",Barbarian (UC) (Feral Gnasher),Feral Gnasher,<id-00013,9,Greater Lockjaw,"<p>At 9th level and again at 15th level, the size of a creature a feral gnasher is able to use her lockjaw's grab ability on increases by one size increment. This ability replaces trap sense +3 and trap sense +5.</p>",icons/weapons/axes/axe-double-engraved-runes.webp
,Barbarian (UC),"[[""Barbarian (UC)""],[""Giant Stalker""]]",Barbarian (UC) (Giant Stalker),Giant Stalker,<id-00031,1,Harangue Giant,"<p>While raging, a giant stalker can speak Giant. If the giant stalker already knows Giant, she gains a +2 bonus on Intimidate checks when speaking Giant while raging.</p>",icons/weapons/axes/axe-double-engraved-runes.webp
,Barbarian (UC),"[[""Barbarian (UC)""],[""Numerian Liberator""]]",Barbarian (UC) (Numerian Liberator),Numerian Liberator,<id-00004,2,Hard Hitter,"<p>At 2nd level, a Numerian liberator can make devastating attacks against objects and foes with breakable components. Damage dealt by the barbarian's attacks ignores an amount of an object's or creature's hardness (if any) equal to 1/2 her class level. This ability replaces the uncanny dodge.</p>",icons/weapons/axes/axe-double-engraved-runes.webp
,Barbarian (UC),"[[""Barbarian (UC)""],[""Numerian Liberator""]]",Barbarian (UC) (Numerian Liberator),Numerian Liberator,<id-00020,14,Hide from Constructs,"<p>At 14th level, a Numerian liberator can control her movement, breathing, body temperature, and other physiological signs to confuse the artificial visions of constructs. At will, the barbarian can make herself undetectable to constructs as if she were affected by a hide from undead spell that instead hides the subject from constructs. Intelligent constructs receive a Will save (DC 10 + 1/2 the barbarian's level + the barbarian's Constitution modifier) to see through this effect. The barbarian must expend 1 round of rage for each round she uses this ability. This ability replaces indomitable will.</p>",icons/weapons/axes/axe-double-engraved-runes.webp
,Barbarian (UC),"[[""Barbarian (UC)""],[""Brutish Swamper""]]",Barbarian (UC) (Brutish Swamper),Brutish Swamper,<id-00004,2,Home,"<p>At 2nd level, a brutish swamper gains a +2 bonus on initiative checks and Knowledge (geography), Perception, Stealth, and Survival checks when in swamps. This bonus increases by +1 at 5th level and again every 3 levels after 5th (up to a maximum bonus of +8 at 20th level).</p>",icons/weapons/axes/axe-double-engraved-runes.webp
,Barbarian (UC),"[[""Barbarian (UC)""],[""Jungle Rager""]]",Barbarian (UC) (Jungle Rager),Jungle Rager,<id-00004,2,Home Ground Advantage,"<p>At 2nd level, a jungle rager learns how to make optimal use of the natural cover of her homeland. She chooses a specific terrain type from the ranger list of favored terrains. When in this terrain, she increases her bonus to AC and on Reflex saving throws gained from cover, partial cover, and improved cover (but not soft cover) by 1. In this terrain, she also increases the miss chance caused by concealment for attacks against her by 5%. This ability replaces uncanny dodge.</p>",icons/weapons/axes/axe-double-engraved-runes.webp
,Barbarian (UC),"[[""Barbarian (UC)""],[""Jungle Rager""]]",Barbarian (UC) (Jungle Rager),Jungle Rager,<id-00008,5,Home Ground Supremacy,"<p>At 5th level, a jungle rager becomes even more capable when navigating and fighting in her preferred terrain. She gains the woodland stride ranger ability, though this ability works only in the terrain she selected for the home ground advantage ability. In this terrain, she gains an additional +1 bonus to AC when benefiting from cover or improved cover (but not soft cover). This ability replaces improved uncanny dodge.</p>",icons/weapons/axes/axe-double-engraved-runes.webp
,Barbarian (UC),"[[""Barbarian (UC)""],[""True Primitive""]]",Barbarian (UC) (True Primitive),True Primitive,<id-00031,1,Illiteracy,"<p>A true primitive cannot read or write, and her superstition about such things leads her to refuse to ever learn to read or write, even if she multiclasses into other classes.</p>",icons/weapons/axes/axe-double-engraved-runes.webp
,Barbarian (UC),"[[""Barbarian (UC)""],[""Wildborn""]]",Barbarian (UC) (Wildborn),Wildborn,<id-00031,1,Illiteracy,"<p>A wildborn cannot read or write. She can learn to read or write a language only if she takes a level in another class, and even then only by taking 1 or more ranks in Linguistics.</p>",icons/weapons/axes/axe-double-engraved-runes.webp
,Barbarian (UC),"[[""Barbarian (UC)""],[""Feral Gnasher""]]",Barbarian (UC) (Feral Gnasher),Feral Gnasher,<id-00004,2,Impromptu Armament,"<p>At 2nd level, a feral gnasher gains Throw Anything as a bonus feat and can pick up an unattended object that can be wielded in one hand as a free action. Additionally, the feral gnasher can take Catch Off-Guard in place of a rage power. This replaces the rage power gained at second level.</p>",icons/weapons/axes/axe-double-engraved-runes.webp
,Barbarian (UC),"[[""Barbarian (UC)""],[""Armored Hulk""]]",Barbarian (UC) (Armored Hulk),Armored Hulk,<id-00008,5,Improved Armored Swiftness,"<p>At 5th level, an armored hulk's land speed is faster than the norm for her race by +10 feet. This benefit applies when she is wearing any armor, including heavy armor, but not while carrying a heavy load. Apply this bonus before modifying the armored hulk's speed because of any load carried or armor worn. This bonus stacks with any other bonuses to the barbarian's land speed. This ability replaces improved uncanny dodge.</p>",icons/weapons/axes/axe-double-engraved-runes.webp
,Barbarian (UC),"[[""Barbarian (UC)""],[""Feral Gnasher""]]",Barbarian (UC) (Feral Gnasher),Feral Gnasher,<id-00009,6,Improved Lockjaw,"<p>At 6th level, as long as a feral gnasher is controlling the grapple with her lockjaw attack, she does not gain the grappled condition, but is unable to move or use her mouth for anything other than grappling. This ability replaces trap sense +2.</p>",icons/weapons/axes/axe-double-engraved-runes.webp
,Barbarian (UC),"[[""Barbarian (UC)""],[""Drunken Rager""]]",Barbarian (UC) (Drunken Rager),Drunken Rager,<id-00008,5,Improved Staggering Evasion,"<p>At 5th level, as long as she has at least 2 drunken rage points, a drunken rager gains improved evasion, as the rogue advanced talent of the same name. This ability replaces improved uncanny dodge.</p>",icons/weapons/axes/axe-double-engraved-runes.webp
,Barbarian (UC),"[[""Barbarian (UC)""],[""Scarred Rager""]]",Barbarian (UC) (Scarred Rager),Scarred Rager,<id-00008,5,Improved Tolerance,"<p>At 5th level, a scarred rager's tolerance ability also applies to effects that would cause her to become dazed, frightened, shaken, or stunned. This replaces improved uncanny dodge.</p>",icons/weapons/axes/axe-double-engraved-runes.webp
,Barbarian (UC),"[[""Barbarian (UC)""],[""Feral Gnasher""]]",Barbarian (UC) (Feral Gnasher),Feral Gnasher,<id-00008,5,Improvised Weapon Mastery,"<p>At 5th level, a feral gnasher gains Improvised Weapon Mastery as a bonus feat. This replaces improved uncanny dodge.</p>",icons/weapons/axes/axe-double-engraved-runes.webp
,Barbarian (UC),"[[""Barbarian (UC)""],[""Pack Hunter""]]",Barbarian (UC) (Pack Hunter),Pack Hunter,<id-00006,3,In and Out,"<p>At 3rd level, a pack hunter gains a +1 dodge bonus to AC against attacks of opportunity. This bonus increases by 1 for every 3 barbarian levels after 3rd (to a maximum bonus of +6 at 18th level).</p>",icons/weapons/axes/axe-double-engraved-runes.webp
,Barbarian (UC),"[[""Barbarian (UC)""],[""Armored Hulk""]]",Barbarian (UC) (Armored Hulk),Armored Hulk,<id-00002,1,Indomitable Stance,"<p>An armored hulk gains a +1 bonus on combat maneuver checks and to CMD for overrun combat maneuvers, and on Reflex saves against trample attacks. She also gains a +1 bonus to her AC against charge attacks and on attack and damage rolls against charging creatures. This ability replaces fast movement.</p>",icons/weapons/axes/axe-double-engraved-runes.webp
,Barbarian (UC),"[[""Barbarian (UC)""],[""Wildborn""]]",Barbarian (UC) (Wildborn),Wildborn,<id-00033,7,Inexhaustible,"<p>Wildborn live ruggedly and sleep lightly. At 7th level, a wildborn recovers nonlethal damage for each minute of rest as if an hour had passed. She applies twice her damage reduction gained from barbarian levels against nonlethal damage.</p>",icons/weapons/axes/axe-double-engraved-runes.webp
,Barbarian (UC),"[[""Barbarian (UC)""],[""Raging Cannibal""]]",Barbarian (UC) (Raging Cannibal),Raging Cannibal,<id-00006,3,Intimidating Gouge,"<p>At 3rd level, when a raging cannibal confirms a critical hit against a creature of the same creature type as herself with her bite attack while raging, she gains a bonus on Intimidate checks equal to half her barbarian level for the duration of the rage.</p>",icons/weapons/axes/axe-double-engraved-runes.webp
,Barbarian (UC),"[[""Barbarian (UC)""],[""Fearsome Defender""]]",Barbarian (UC) (Fearsome Defender),Fearsome Defender,<id-00002,1,Intractable,"<p>A combination of brainwashing and loyalty helps a fearsome defender resist pain and torture, enduring grueling combat or questioning without betraying her dark lord. A fearsome defender gains a +2 bonus on saving throws against painUM effects, and the DCs of checks to coerce her or demoralize her with Diplomacy or Intimidate increase by 2. Both the bonus and the increase to DCs increase by 2 when she gains greater rage and again by 2 when she gains mighty rage.</p>",icons/weapons/axes/axe-double-engraved-runes.webp
,Barbarian (UC),"[[""Barbarian (UC)""],[""Invulnerable Rager""]]",Barbarian (UC) (Invulnerable Rager),Invulnerable Rager,<id-00004,2,Invulnerability,"<p>At 2nd level, the invulnerable rager gains DR/- equal to half her barbarian level. This damage reduction is doubled against nonlethal damage. This ability replaces uncanny dodge, improved uncanny dodge, and damage reduction.</p>",icons/weapons/axes/axe-double-engraved-runes.webp
,Barbarian (UC),"[[""Barbarian (UC)""],[""Titan Mauler""]]",Barbarian (UC) (Titan Mauler),Titan Mauler,<id-00004,2,Jotungrip,"<p>At 2nd level, a titan mauler may choose to wield a two-handed melee weapon in one hand with a -2 penalty on attack rolls while doing so. The weapon must be appropriately sized for her, and it is treated as one-handed when determining the effect of Power Attack, Strength bonus to damage, and the like. This ability replaces uncanny dodge.</p>",icons/weapons/axes/axe-double-engraved-runes.webp
,Barbarian (UC),"[[""Barbarian (UC)""],[""Jungle Rager""]]",Barbarian (UC) (Jungle Rager),Jungle Rager,<id-00006,3,Jungle Endurance,"<p>At 3rd level, a jungle rager gains a +1 bonus on Fortitude saves to resist the effects of hot weather and diseases. This bonus increases by +1 every 3 barbarian levels after 3rd. This ability replaces trap sense.</p>",icons/weapons/axes/axe-double-engraved-runes.webp
,Barbarian (UC),"[[""Barbarian (UC)""],[""Superstitious""]]",Barbarian (UC) (Superstitious),Superstitious,<id-00012,7,Keen Senses,"<p>At 7th level, the superstitious barbarian gains low-light vision (triple normal vision range in dim light if she already has low-light vision). At 10th level, she gains darkvision 60 feet (or adds 60 feet to the range of any darkvision already possessed). At 13th level, she gains scent. At 16th level, she gains blindsense 30 feet. At 19th level, she gains blindsight 30 feet. This ability replaces damage reduction.</p>",icons/weapons/axes/axe-double-engraved-runes.webp
,Barbarian (UC),"[[""Barbarian (UC)""],[""Wildborn""]]",Barbarian (UC) (Wildborn),Wildborn,<id-00006,3,Live Off the Land,"<p>At 3rd level, a wildborn can survive capably in the wilderness without any sort of manufactured equipment or gear. She adds half her barbarian level as a bonus on Survival checks to hunt or gather food and gains a +1 bonus on Fortitude saves to resist the effects of extreme temperatures or other environmental effects; the Fortitude save bonus increases by 1 at 6th level and every 3 levels thereafter.</p>",icons/weapons/axes/axe-double-engraved-runes.webp
,Barbarian (UC),"[[""Barbarian (UC)""],[""Feral Gnasher""]]",Barbarian (UC) (Feral Gnasher),Feral Gnasher,<id-00026,3,Lockjaw,"<p>At 3rd level, a feral gnasher gains the grab ability with her bite attack. A feral gnasher can use this ability on a creature up to one size category larger than she is. This replaces trap sense +1.</p>",icons/weapons/axes/axe-double-engraved-runes.webp
,Barbarian (UC),"[[""Barbarian (UC)""],[""Sea Reaver""]]",Barbarian (UC) (Sea Reaver),Sea Reaver,<id-00002,1,Marine Terror,"<p>A sea reaver can hold her breath for a number of rounds equal to four times her Constitution score. In addition, a sea reaver can move normally though squares of standing water or bog that is 1 foot deep. It does not cost her extra movement to traverse these terrains. Lastly, a sea reaver ignores the normal cover bonus to AC when attacking creatures that are partially immersed in water. This ability replaces fast movement.</p>",icons/weapons/axes/axe-double-engraved-runes.webp
,Barbarian (UC),"[[""Barbarian (UC)""],[""Brutish Swamper""]]",Barbarian (UC) (Brutish Swamper),Brutish Swamper,<id-00002,1,Marsh March,"<p>A brutish swamper can move through the underbrush and muddy terrain of bogs and swamps at her normal speed without taking damage or suffering other impairments. Briars, mud, thorns, and overgrown areas that have been magically manipulated to impede motion, however, still affect her.</p>",icons/weapons/axes/axe-double-engraved-runes.webp
,Barbarian (UC),"[[""Barbarian (UC)""],[""Titan Mauler""]]",Barbarian (UC) (Titan Mauler),Titan Mauler,<id-00006,3,Massive Weapons,"<p>At 3rd level, a titan mauler becomes skilled in the use of massive weapons looted from her titanic foes. She can use two-handed weapons meant for creatures one size category larger, but the penalty for doing so is increased by 4. However, the attack roll penalty for using weapons too large for her size is reduced by 1, and this reduction increases by 1 for every three levels beyond 3rd (to a minimum of 0). This ability replaces trap sense.</p>",icons/weapons/axes/axe-double-engraved-runes.webp
,Barbarian (UC),"[[""Barbarian (UC)""],[""Shoanti Burn Rider""]]",Barbarian (UC) (Shoanti Burn Rider),Shoanti Burn Rider,<id-00009,4,Mount,"<p>At 4th level, a burn rider gains a loyal mount. This ability functions like the druid's animal companion ability (as described in the nature bond class feature), except that the burn rider always gains a horse or pony (though she can gain additional options at the GM's discretion) and her effective druid level is equal to her Shoanti burn rider level - 3. This ability replaces the rage powers gained at 4th, 8th, 12th, and 16th level.</p>",icons/weapons/axes/axe-double-engraved-runes.webp
,Barbarian (UC),"[[""Barbarian (UC)""],[""Savage Barbarian""]]",Barbarian (UC) (Savage Barbarian),Savage Barbarian,<id-00006,3,Naked Courage,"<p>At 3rd level, the savage barbarian gains a +1 dodge bonus to AC and a +1 morale bonus on saving throws against fear when wearing no armor (shields are allowed). This bonus increases by +1 for every six levels after 3rd. This ability replaces trap sense.</p>",icons/weapons/axes/axe-double-engraved-runes.webp
,Barbarian (UC),"[[""Barbarian (UC)""],[""Savage Barbarian""]]",Barbarian (UC) (Savage Barbarian),Savage Barbarian,<id-00012,7,Natural Toughness,"<p>At 7th level, the savage barbarian gains a +1 natural armor bonus to AC when wearing no armor (shields are allowed). This bonus increases by +1 for every three levels beyond 7th. This ability replaces damage reduction.</p>",icons/weapons/axes/axe-double-engraved-runes.webp
,Barbarian (UC),"[[""Barbarian (UC)""],[""Sharptooth""]]",Barbarian (UC) (Sharptooth),Sharptooth,<id-00006,3,Ocean Breath,"<p>At 3rd level, a sharptooth counts her Constitution score as 1 higher for the purposes of holding her breath. She also gains a +1 bonus on Constitution checks to continue holding her breath. This bonus and the addition to her effective Constitution score both increase by 1 at 6th level and every 3 levels thereafter, to a maximum bonus of +6 at 18th level.</p>",icons/weapons/axes/axe-double-engraved-runes.webp
,Barbarian (UC),"[[""Barbarian (UC)""],[""Fearsome Defender""]]",Barbarian (UC) (Fearsome Defender),Fearsome Defender,<id-00004,2,Off the Leash,"<p>Beginning at 2nd level, a fearsome defender simmers on the edge of bloody combat. Whenever she begins a rage, she can also draw an unconcealed weapon as part of the free action to begin raging.</p>",icons/weapons/axes/axe-double-engraved-runes.webp
,Barbarian (UC),"[[""Barbarian (UC)""],[""Mad Dog""]]",Barbarian (UC) (Mad Dog),Mad Dog,<id-00004,2,Pack Tactics,"<p>At 2nd level, a mad dog and her war beast gain a +4 bonus on attack rolls while flanking the same opponent (instead of the normal +2 bonus). This ability replaces uncanny dodge.</p>",icons/weapons/axes/axe-double-engraved-runes.webp
,Barbarian (UC),"[[""Barbarian (UC)""],[""Mad Dog""]]",Barbarian (UC) (Mad Dog),Mad Dog,<id-00003,4,Rage,"<p>A mad dog gains this ability at 4th level, except that her effective barbarian level for the ability is equal to her barbarian level - 3.</p><p>A barbarian can call upon inner reserves of strength and ferocity, granting her additional combat prowess. At 1st level, a barbarian can rage for a number of rounds per day equal to 4 + her Constitution modifier. For each level after 1st she possesses, the barbarian can rage for 2 additional rounds per day. Temporary increases to Constitution, such as that gained from bear's endurance, do not increase the total number of rounds that a barbarian can rage per day. A barbarian can enter a rage as a free action. The total number of rounds of rage per day is renewed after resting for 8 hours, although these hours need not be consecutive.</p><p>While in a rage, a barbarian gains a +2 bonus on melee attack rolls, melee damage rolls, thrown weapon damage rolls, and Will saving throws. In addition, she takes a -2 penalty to Armor Class. She also gains 2 temporary hit points per Hit Die. These temporary hit points are lost first when a character takes damage, disappear when the rage ends, and are not replenished if the barbarian enters a rage again within 1 minute of her previous rage. While in a rage, a barbarian cannot use any Charisma-, Dexterity-, or Intelligence-based skill (except Acrobatics, Fly, Intimidate, and Ride) or any ability that requires patience or concentration (such as spellcasting).</p><p>A barbarian can end her rage as a free action, and is fatigued for 1 minute after a rage ends. A barbarian can't enter a new rage while fatigued or exhausted, but can otherwise enter a rage multiple times per day. If a barbarian falls unconscious, her rage immediately ends.</p>",icons/weapons/axes/axe-double-engraved-runes.webp
,Barbarian (UC),"[[""Barbarian (UC)""],[""Wild Rager""]]",Barbarian (UC) (Wild Rager),Wild Rager,<id-00008,5,Rage Conversion,"<p>At 5th level, a wild rager who fails a saving throw against any mind-affecting effect can attempt a new saving throw at the beginning of her next turn. If the save succeeds, that effect ends and she instead rages and becomes confused as noted above. This ability replaces improved uncanny dodge.</p>",icons/weapons/axes/axe-double-engraved-runes.webp
,Barbarian (UC),"[[""Barbarian (UC)""],[""Pack Rager""]]",Barbarian (UC) (Pack Rager),Pack Rager,<id-00011,8,Rage power,"<p>At 2nd level and every 4 levels thereafter, the pack rager can take a bonus teamwork feat. This teamwork feat must also be a combat feat.</p>",icons/weapons/axes/axe-double-engraved-runes.webp
,Barbarian (UC),"[[""Barbarian (UC)""],[""Drunken Brute""]]",Barbarian (UC) (Drunken Brute),Drunken Brute,<id-00002,1,Raging Drunk,"<p>While raging, the drunken brute can drink a potion, or a tankard of ale or similar quantity of alcohol, as a move action that does not provoke attacks of opportunity. A potion has its normal effect, while an alcoholic drink allows the barbarian to maintain her rage that round without expending a round of rage for the day (instead of the alcohol's normal effects). For each alcoholic drink consumed while raging, the barbarian is nauseated for 1 round when her rage expires, in addition to the normal fatigue that follows a rage. Tireless rage does not negate this nauseated condition but the internal fortitude rage power does. This ability replaces fast movement.</p>",icons/weapons/axes/axe-double-engraved-runes.webp
,Barbarian (UC),"[[""Barbarian (UC)""],[""Raging Cannibal""]]",Barbarian (UC) (Raging Cannibal),Raging Cannibal,<id-00012,6,Razor-Toothed Fury,"<p>At 6th level, a raging cannibal's bite becomes even more fearsome. When using her bite attack, the raging cannibal can take a -1 penalty on her attack roll to add 2 points of bleed damage to the damage dealt. At 10th level and every 4 levels thereafter, the attack penalty increases by 1 and the bleed damage increases by 2 points.</p>",icons/weapons/axes/axe-double-engraved-runes.webp
,Barbarian (UC),"[[""Barbarian (UC)""],[""Armored Hulk""]]",Barbarian (UC) (Armored Hulk),Armored Hulk,<id-00006,3,Resilience of Steel,"<p>At 3rd level, an armored hulk is able to use her armor to help avoid deadly hits. While wearing heavy armor, she gains a +1 bonus to AC that applies only on critical hit confirmation rolls. This bonus increases by +1 every 3 levels beyond 3rd (maximum +6 at 18th level). This ability replaces trap sense.</p>",icons/weapons/axes/axe-double-engraved-runes.webp
,Barbarian (UC),"[[""Barbarian (UC)""],[""Feral Gnasher""]]",Barbarian (UC) (Feral Gnasher),Feral Gnasher,<id-00002,1,Savage Bite,"<p>At 1st level, a feral gnasher gains a savage bite attack. This is a primary natural attack that deals 1d4 points of damage. If the goblin already has the hard head, big teeth racial trait, the damage increases to 1d6. At 10th level, the damage from a feral gnasher's bite increases to 1d6 (or 1d8 if the goblin has the hard head, big teeth racial trait) and deals &#215;3 damage on a critical hit. This ability replaces fast movement.</p>",icons/weapons/axes/axe-double-engraved-runes.webp
,Barbarian (UC),"[[""Barbarian (UC)""],[""Breaker""]]",Barbarian (UC) (Breaker),Breaker,<id-00002,1,Savage Rapport,"<p>At 1st level, a beastkin berserker gains a spiritual connection to a specific kind of creature with the animal type (such as a badger or a triceratops). She adds half her level (minimum 1) on Handle Animal, Intimidate, and Sense Motive checks involving the chosen type of animal.</p><p>At 5th level and every 5 levels thereafter (10th, 15th, and 20th levels), the beastkin berserker can select an additional kind of animal to which these bonuses apply.</p>",icons/weapons/axes/axe-double-engraved-runes.webp
,Barbarian (UC),"[[""Barbarian (UC)""],[""Sea Reaver""]]",Barbarian (UC) (Sea Reaver),Sea Reaver,<id-00006,3,Savage Sailor,"<p>At 3rd level, a sea reaver gains a +1 bonus on Acrobatics, Climb, Profession (sailor), Survival, and Swim checks made in aquatic terrain, including aboard a ship or along shorelines. These bonuses improve by +1 every three levels after 3rd. This ability replaces trap sense.</p>",icons/weapons/axes/axe-double-engraved-runes.webp
,Barbarian (UC),"[[""Barbarian (UC)""],[""Scarred Rager""]]",Barbarian (UC) (Scarred Rager),Scarred Rager,<id-00006,3,Scarification,"<p>At 3rd level, a scarred rager can ignore 1 point of bleed damage per round. This amount increases by 1 every three levels beyond 3rd. At 15th level, a scarred rager can ignore 1 bleed effect each round. This ability replaces trap sense.</p>",icons/weapons/axes/axe-double-engraved-runes.webp
,Barbarian (UC),"[[""Barbarian (UC)""],[""Sharptooth""]]",Barbarian (UC) (Sharptooth),Sharptooth,<id-00004,2,Scent of Blood,"<p>At 2nd level, a sharptooth gains scent as per the universal monster rule. At 5th level, she also gains keen scent as per universal monster rule.</p>",icons/weapons/axes/axe-double-engraved-runes.webp
,Barbarian (UC),"[[""Barbarian (UC)""],[""Fearsome Defender""]]",Barbarian (UC) (Fearsome Defender),Fearsome Defender,<id-00006,3,Silent Threat,"<p>At 3rd level, a fearsome defender exudes hostility, creating a threatening atmosphere in her presence. The fearsome defender gains a +1 bonus on Intimidate checks, and the DCs of Intimidate checks to demoralize her allies within 30 feet increase by 1. Both the bonus and the increase to DCs increase by 1 at 6th level and every 3 barbarian levels thereafter.</p>",icons/weapons/axes/axe-double-engraved-runes.webp
,Barbarian (UC),"[[""Barbarian (UC)""],[""Superstitious""]]",Barbarian (UC) (Superstitious),Superstitious,<id-00006,3,Sixth Sense,"<p>At 3rd level, the superstitious barbarian gains a +1 bonus on initiative and a +1 insight bonus to AC during surprise rounds. This bonus increases by +1 for every three levels after 3rd. This ability replaces trap sense.</p>",icons/weapons/axes/axe-double-engraved-runes.webp
,Barbarian (UC),"[[""Barbarian (UC)""],[""Hurler""]]",Barbarian (UC) (Hurler),Hurler,<id-00002,1,Skilled Thrower,<p>The hurler is skilled at throwing objects in combat. Increase the range increment of any thrown weapon or object by 10 feet.</p>,icons/weapons/axes/axe-double-engraved-runes.webp
,Barbarian (UC),"[[""Barbarian (UC)""],[""Giant Stalker""]]",Barbarian (UC) (Giant Stalker),Giant Stalker,<id-00004,2,Smell Giants,"<p>A 2nd level, a giant stalker gains the scent special ability, but with regard only to humanoids with the giant subtype.</p>",icons/weapons/axes/axe-double-engraved-runes.webp
,Barbarian (UC),"[[""Barbarian (UC)""],[""Drunken Rager""]]",Barbarian (UC) (Drunken Rager),Drunken Rager,<id-00004,2,Staggering Evasion,"<p>At 2nd level, as long as she has at least 1 drunken rage point, a drunken rager gains evasion, as the rogue class feature of the same name. This ability replaces uncanny dodge.</p>",icons/weapons/axes/axe-double-engraved-runes.webp
,Barbarian (UC),"[[""Barbarian (UC)""],[""Brutish Swamper""]]",Barbarian (UC) (Brutish Swamper),Brutish Swamper,<id-00006,3,Stubborn,"<p>At 3rd level, a brutish swamper resists any attempts to change her attitude or compel her to action. Diplomacy and Intimidate checks against her take a -2 penalty, and no result can shift her attitude more than one step in a 24-hour period. These penalties increase by 2 for every 3 levels the brutish swamper has beyond 3rd.</p>",icons/weapons/axes/axe-double-engraved-runes.webp
,Barbarian (UC),"[[""Barbarian (UC)""],[""Cave Dweller""]]",Barbarian (UC) (Cave Dweller),Cave Dweller,<id-00012,7,Sun Walker,"<p>At 7th level, a cave dweller gains a +1 dodge bonus to AC and on saving throws against effects with the light descriptor or that produce bright or sudden light. Any penalties on attack rolls, saving throws, or skill checks because of bright light are reduced by 1. At 10th level and every 3 levels after 10th, the bonus to AC and saving throws, as well as the reduction of light-based penalties, increases by 1.</p>",icons/weapons/axes/axe-double-engraved-runes.webp
,Barbarian (UC),"[[""Barbarian (UC)""],[""Sea Reaver""]]",Barbarian (UC) (Sea Reaver),Sea Reaver,<id-00008,5,Sure-Footed,"<p>At 5th level, a sea reaver takes no penalties when moving across slick surfaces, whether natural or magical (e.g., grease, ice storm, and sleet storm). She is not at risk of falling, is not denied her Dexterity bonus when moving across such areas, and does not treat them as difficult terrain. This ability replaces improved uncanny dodge.</p>",icons/weapons/axes/axe-double-engraved-runes.webp
,Barbarian (UC),"[[""Barbarian (UC)""],[""Sharptooth""]]",Barbarian (UC) (Sharptooth),Sharptooth,<id-00002,1,Swim Like a Fish,"<p>A sharptooth gains a swim speed of 10 feet. At 5th level and every 5 levels thereafter, her swim speed increases by 5 feet.</p>",icons/weapons/axes/axe-double-engraved-runes.webp
,Barbarian (UC),"[[""Barbarian (UC)""],[""Pack Hunter""]]",Barbarian (UC) (Pack Hunter),Pack Hunter,<id-00010,6,Sympathetic Rage,"<p>At 6th level, if an ally within 30 feet is bloodraging or raging, a pack hunter counts as raging even if knocked unconscious. She has to have been raging when incapacitated to maintain her rage, and she ceases raging normally if she depletes her maximum number of rounds of rage in a day.</p>",icons/weapons/axes/axe-double-engraved-runes.webp
,Barbarian (UC),"[[""Barbarian (UC)""],[""Scarred Rager""]]",Barbarian (UC) (Scarred Rager),Scarred Rager,<id-00002,1,Terrifying Visage,"<p>A scarred rager adds 1/2 her barbarian level on Intimidate checks against humanoids who are not members of barbarian tribes. When dealing with barbarians, the scarred rager may choose to add this bonus on Diplomacy checks instead. The DC of any fear effect created by the scarred rager also increases by 1. This ability replaces fast movement.</p>",icons/weapons/axes/axe-double-engraved-runes.webp
,Barbarian (UC),"[[""Barbarian (UC)""],[""Mad Dog""]]",Barbarian (UC) (Mad Dog),Mad Dog,<id-00020,14,Throat Cutter,"<p>At 14th level, whenever her war beast succeeds at a bull rush, drag, grapple, overrun, or trip combat maneuver against an opponent threatened by the mad dog, a mad dog can take an attack of opportunity against that opponent. This ability replaces indomitable will.</p>",icons/weapons/axes/axe-double-engraved-runes.webp
,Barbarian (UC),"[[""Barbarian (UC)""],[""Cave Dweller""]]",Barbarian (UC) (Cave Dweller),Cave Dweller,<id-00002,1,Tight Tunnels,"<p>Cave dwellers pursue prey through the winding tunnels of the deep, which rarely accommodate open sprints. A cave dweller can make a single turn up to 90 degrees while running (though not while charging). Additionally, a cave dweller takes no penalties to movement speed while squeezing.</p>",icons/weapons/axes/axe-double-engraved-runes.webp
,Barbarian (UC),"[[""Barbarian (UC)""],[""Titan Mauler""]]",Barbarian (UC) (Titan Mauler),Titan Mauler,<id-00020,14,Titanic Rage,"<p>At 14th level, a titan mauler may choose to gain the benefits of enlarge person when she enters a rage. While using titanic rage, she must spend 2 rounds of rage per round, and she becomes exhausted rather than fatigued when the rage ends. This ability replaces indomitable will.</p>",icons/weapons/axes/axe-double-engraved-runes.webp
,Barbarian (UC),"[[""Barbarian (UC)""],[""Drunken Rager""]]",Barbarian (UC) (Drunken Rager),Drunken Rager,<id-00006,3,Tolerance,"<p>At 3rd level, as long as she has at least 1 drunken rage point, a drunken rager gains a +1 bonus on saves against effects that would nauseate, poison, or sicken her, as well as saves to avoid addiction or other ill effects associated with consuming alcohol. This bonus increases by 1 at 6th level and every 3 levels thereafter. This ability replaces trap sense.</p>",icons/weapons/axes/axe-double-engraved-runes.webp
,Barbarian (UC),"[[""Barbarian (UC)""],[""Scarred Rager""]]",Barbarian (UC) (Scarred Rager),Scarred Rager,<id-00004,2,Tolerance,"<p>At 2nd level, a scarred rager who fails a save against an effect that causes her to become nauseated, sickened, fatigued, or exhausted can make a second save to negate the effect on the start of her next turn. Only one additional save is allowed. If the effect does not allow a saving throw, its duration is halved instead (minimum of 1 round). This ability replaces uncanny dodge.</p>",icons/weapons/axes/axe-double-engraved-runes.webp
,Barbarian (UC),"[[""Barbarian (UC)""],[""True Primitive""]]",Barbarian (UC) (True Primitive),True Primitive,<id-00006,3,Trophy Fetish,"<p> true primitive collects teeth, bones, hair, and other trophies from vanquished enemies, representing their power and strength. At 3rd level, a true primitive can attach a trophy fetish to one of the traditional true primitive weapons listed above. When wielding that weapon, the true primitive gains a +1 morale bonus on damage rolls. Furthermore, if that weapon has the fragile property, once per day, the true primitive can ignore the effects of a single natural 1 roll. A trophy fetish can also be attached to a suit of hide or bone armor, granting the true primitive a +1 morale bonus on saving throws. Furthermore, if that armor has the fragile property, once per day, the true primitive can chose not to have the armor break on the confirmation of a critical hit made against her. Every five levels beyond 3rd, a true primitive can use an additional trophy fetish. Multiple trophy fetishes can be attached to the same armor or weapon; their effects stack. A trophy fetish can be sundered (hardness 5, 1 hit point) but is not damaged by area attacks or attacks that do not specifically target it. It has no effect if attached to other types of weapons or armor. This ability replaces trap sense.</p>",icons/weapons/axes/axe-double-engraved-runes.webp
,Barbarian (UC),"[[""Barbarian (UC)""],[""Cave Dweller""]]",Barbarian (UC) (Cave Dweller),Cave Dweller,<id-00006,3,Tunnel Vision,"<p>At 3rd level, a cave dweller's senses become sharp in the dark. She gains darkvision to a range of 60 feet and a +1 bonus on Perception checks to detect ambushes, movement, and sound while in darkness. This bonus increases by 1 at 6th level and every 3 levels thereafter.</p>",icons/weapons/axes/axe-double-engraved-runes.webp
,Barbarian (UC),"[[""Barbarian (UC)""],[""Wild Rager""]]",Barbarian (UC) (Wild Rager),Wild Rager,<id-00031,1,Uncontrolled Rage,"<p>A wild rager's rage functions as normal, except that when she reduces a creature to 0 or fewer hit points, she must attempt a Will save (DC 10 + 1/2 the barbarian's level + the barbarian's Constitution modifier) or become confused. For the remainder of her current turn, she attacks the nearest creature other than herself. On the following round, refer to the confusion spell to determine her actions. At the end of this round, and each round thereafter, she can attempt a new saving throw to end the confusion effect. The rounds during which she is confused do not count against the rounds she has spent raging that day, but she cannot end her rage voluntarily, nor can she use rage powers while confused.</p>",icons/weapons/axes/axe-double-engraved-runes.webp
,Barbarian (UC),"[[""Barbarian (UC)""],[""Mad Dog""]]",Barbarian (UC) (Mad Dog),Mad Dog,<id-00005,1,War Beast,"<p>At 1st level, a mad dog gains the service of an animal companion, using the barbarian's level as her effective druid level. This ability replaces the rage powers gained at 2nd, 6th, 10th, 14th, and 18th level.</p>",icons/weapons/axes/axe-double-engraved-runes.webp
,Barbarian (UC),"[[""Barbarian (UC)""],[""Feral Gnasher""]]",Barbarian (UC) (Feral Gnasher),Feral Gnasher,<id-00001,1,Weapon and Armor Proficiency,<p>A barbarian is proficient with greatclub and light armor</p>,icons/weapons/axes/axe-double-engraved-runes.webp
,Barbarian (UC),"[[""Barbarian (UC)""],[""True Primitive""]]",Barbarian (UC) (True Primitive),True Primitive,<id-00001,1,Weapon and Armor Proficiency,"<p>A true primitive is proficient with hide armor and armors made from bone. A true primitive is also proficient with bone shields and the following weapons: battleaxe, blowgun, club, greatclub, handaxe, longspear, shortspear, sling, and spear.</p>",icons/weapons/axes/axe-double-engraved-runes.webp
,Barbarian (UC),"[[""Barbarian (UC)""],[""Wildborn""]]",Barbarian (UC) (Wildborn),Wildborn,<id-00001,1,Weapon and Armor Proficiency,"<p>A wildborn is proficient with leather and hide armors (but not shields) and all simple weapons that can be crafted from bone, stone, or wood. In addition, a wildborn gains Improved Unarmed Strike and Catch Off-Guard as bonus feats at 1st level. If she uses any other kind of weapon or armor, she loses her abilities from this archetype (except illiteracy) for the next 24 hours</p>",icons/weapons/axes/axe-double-engraved-runes.webp
,Barbarian (UC),"[[""Barbarian (UC)""],[""Feral Gnasher""]]",Barbarian (UC) (Feral Gnasher),Feral Gnasher,<id-00017,12,Wicked Improvisation,"<p>At 12th level, a feral gnasher becomes more capable with improvised weapons and natural attacks. The feral gnasher gains a +1 competence bonus on damage rolls when using natural attacks or improvised weapons while raging. At 14th level and every two levels thereafter, the damage bonus increases by +1. This increase is not precision damage and is thus multiplied on a critical hit. This ability replaces trap sense +4.</p>",icons/weapons/axes/axe-double-engraved-runes.webp
,Barbarian (UC),"[[""Barbarian (UC)""],[""Wild Rager""]]",Barbarian (UC) (Wild Rager),Wild Rager,<id-00004,2,Wild Fighting,"<p>At 2nd level, even when not raging, wild ragers often fight with reckless, savage abandon. A wild rager using the full-attack action can make one extra attack per round at her highest base attack bonus. Until the beginning of her next turn, however, she takes a -2 penalty on attack rolls and -4 penalty to AC. This ability replaces uncanny dodge.</p>",icons/weapons/axes/axe-double-engraved-runes.webp
,Barbarian (UC),"[[""Barbarian (UC)""],[""Brutish Swamper""]]",Barbarian (UC) (Brutish Swamper),Brutish Swamper,<id-00010,6,Wrastlin,"<p>At 6th level, while raging, a brutish swamper gains a +2 bonus to her CMD against grapple combat maneuvers and a +2 bonus on damage rolls made as part of successful grapple combat maneuver checks.</p>",icons/weapons/axes/axe-double-engraved-runes.webp
,Barbarian (UC),"[[""Barbarian (UC)""],[""Brutal Pugilist	""]]",Barbarian (UC) (Brutal Pugilist),Brutal Pugilist,<id-00008,5,Improved Savage Grapple,"<p>At 5th level, the brutal pugilist takes no penalties to Dexterity, attack rolls, and combat maneuver checks when she has the grappled condition. She also is treated as one size larger than her actual size when determining whether she can be grappled using the grab ability or swallowed by another creature. This ability replaces improved uncanny dodge.</p>",icons/weapons/axes/axe-double-engraved-runes.webp
,Barbarian (UC),"[[""Barbarian (UC)""],[""Brutal Pugilist	""]]",Barbarian (UC) (Brutal Pugilist),Brutal Pugilist,<id-00004,2,Savage Grapple,"<p>At 2nd level, the brutal pugilist takes only half the normal penalties to Dexterity, attack rolls, and combat maneuver checks when she has the grappled condition. She can make an attack of opportunity against creatures trying to grapple her even if they possess the Improved Grapple feat or the grab special attack. If she hits with this attack of opportunity, she gains a +2 circumstance bonus to her CMD against the grapple attempt. She cannot make these attacks of opportunity once a grapple has succeeded. This ability replaces uncanny dodge.</p>",icons/weapons/axes/axe-double-engraved-runes.webp
,Barbarian (UC),"[[""Barbarian (UC)""],[""Brutal Pugilist	""]]",Barbarian (UC) (Brutal Pugilist),Brutal Pugilist,<id-00006,3,Pit Fighter,"<p>At 3rd level, the brutal pugilist has learned combat tricks from fighting in pit brawls and gladiatorial arenas. She selects one combat maneuver and gains a +1 insight bonus on her CMB or to her CMD in that maneuver. This bonus increases to +2 if the barbarian is wearing no armor (shields are allowed). At every three levels after 3rd, the barbarian may select another combat maneuver and add this bonus on her CMB or to her CMD. This bonus can be applied to each maneuver no more than twice, once on CMB and once to CMD. This ability replaces trap sense.</p>",icons/weapons/axes/axe-double-engraved-runes.webp
