Class,Tags,Combined,Archetype,id,Level,Class Ability,Description,Img
Barbarian,"[[""Barbarian""],[""Hateful Rager""]]",Barbarian (Hateful Rager),Hateful Rager,<barbariantrapsense_9,9,Amplified by Hate (Ex),"<p>At 9th level, a hateful rager adds half her favored enemy bonus to the DC of any rage power she uses against a favored enemy. This ability replaces trap sense +3.</p>",icons/weapons/axes/axe-double-engraved-runes.webp
Barbarian,"[[""Barbarian""],[""Raging Cannibal""]]",Barbarian (Raging Cannibal),Raging Cannibal,<barbarianragepowers_2,2,Animal Fury,"<p>While raging, the barbarian gains a bite attack. If used as part of a full attack action, the bite attack is made at the barbarian's full base attack bonus &#150;5. If the bite hits, it deals 1d4 points of damage (assuming the barbarian is Medium; 1d3 points of damage if Small) plus half the barbarian's Strength modifier. A barbarian can make a bite attack as part of the action to maintain or break free from a grapple. This attack is resolved before the grapple check is made. If the bite attack hits, any grapple checks made by the barbarian against the target this round are at a +2 bonus.</p>",icons/weapons/axes/axe-double-engraved-runes.webp
Barbarian,"[[""Barbarian""],[""Armored Hulk""]]",Barbarian (Armored Hulk),Armored Hulk,<barbarianuncannydodge_2,2,Armored Swiftness (Ex),"<p>At 2nd level, an armored hulk moves faster in medium and heavy armor. When wearing medium or heavy armor, an armored hulk can move 5 feet faster than normal, to a maximum of her speed. This ability replaces uncanny dodge.</p>",icons/weapons/axes/axe-double-engraved-runes.webp
Barbarian,"[[""Barbarian""],[""Breaker""]]",Barbarian (Breaker),Breaker,<barbariantrapsense_3,3,Battle Scavenger (+1),"<p>At 3rd level, the breaker barbarian suffers no penalty on attack rolls when using an improvised weapon or a weapon with the broken condition. In addition, she gains a +1 bonus on damage rolls with improvised or broken weapons for every three levels beyond 3rd. This ability replaces trap sense.</p>",icons/weapons/axes/axe-double-engraved-runes.webp
Barbarian,"[[""Barbarian""],[""Titan Mauler""]]",Barbarian (Titan Mauler),Titan Mauler,<barbarianfastmovement_1,1,Big Game Hunter (Ex),<p>A titan mauler gains a +1 bonus on attack rolls and a +1 dodge bonus to AC in melee with creatures larger than themselves. This ability replaces fast movement.</p>,icons/weapons/axes/axe-double-engraved-runes.webp
Barbarian,"[[""Barbarian""],[""Sharptooth""]]",Barbarian (Sharptooth),Sharptooth,<barbarianragepowers_6,6,Blood in the Water,"<p>At 6th level, a sharptooth can tear the flesh from living creatures. Her attacks add 3 points of bleed damage while she is raging. At 12th level, this bleed damage increases to equal her Constitution modifier if it&#146;s higher.</p>",icons/weapons/axes/axe-double-engraved-runes.webp
Barbarian,"[[""Barbarian""],[""Fearsome Defender""]]",Barbarian (Fearsome Defender),Fearsome Defender,<barbarianimproveduncannydodge_5,5,Bloodlust (Ex),"<p>At 5th level, a fearsome defender&#146;s eagerness for bloodshed makes her quicker to act in a fight. She adds her Charisma modifier to initiative checks and always acts during the surprise round. If the fearsome defender is surprised during the surprise round, she acts last in that round and then determines initiative order normally for the remainder of combat.</p>",icons/weapons/axes/axe-double-engraved-runes.webp
Barbarian,"[[""Barbarian""],[""Pack Rager""]]",Barbarian (Pack Rager),Pack Rager,<barbarianragepowers_2,2,Bonus Feat,"<p>At 2nd level and every 4 levels thereafter, the pack rager can take a bonus teamwork feat. This teamwork feat must also be a combat feat. This ability replaces the rage powers gained at 2nd, 6th, 10th, 14th, and 18th level.</p>",icons/weapons/axes/axe-double-engraved-runes.webp
Barbarian,"[[""Barbarian""],[""Shoanti Burn Rider""]]",Barbarian (Shoanti Burn Rider),Shoanti Burn Rider,<barbariantrapsense_3,3,Cinder Dance (Ex),"<p>At 3rd level, when a burn rider succeeds at a Reflex save to avoid fire damage, she can spend an immediate action to move up to half her speed. If the burn rider ends this movement outside the area of effect, she takes no damage from the effect. After this sudden movement, the burn rider is staggered until the end of her next turn. If the burn rider is mounted, her mount makes the movement instead, and both the mount and the burn rider are staggered until the end of the burn rider&#146;s next turn. This ability replaces trap sense.</p>",icons/weapons/axes/axe-double-engraved-runes.webp
Barbarian,"[[""Barbarian""],[""Shoanti Burn Rider""]]",Barbarian (Shoanti Burn Rider),Shoanti Burn Rider,<barbarianuncannydodge_2,2,Cinder Sight (Ex),"<p>At 2nd level, a Shoanti burn rider can see through fire, fog, and smoke without penalty as long as the light is sufficient to allow her to see normally. This ability replaces uncanny dodge.</p>",icons/weapons/axes/axe-double-engraved-runes.webp
Barbarian,"[[""Barbarian""],[""Raging Cannibal""]]",Barbarian (Raging Cannibal),Raging Cannibal,<barbarianuncannydodge_2,2,Consume Vigor,"<p>At 2nd level, when a raging cannibal reduces a creature of the same creature type as herself to 0 or fewer hit points with her bite attack during combat while raging, she can consume a chunk of its body to gain a portion of its power. If the creature&#146;s CR equals or exceeds her barbarian level, the raging cannibal gains 1 additional round of rage. She can never consume the same creature&#146;s vigor more than once. At 5th level and every 3 levels thereafter, the raging cannibal gains 1 additional round of rage each time she uses this ability.</p>",icons/weapons/axes/axe-double-engraved-runes.webp
Barbarian,"[[""Barbarian""],[""<id-00001""]]",Barbarian (Geminate Invoker),Geminate Invoker,<id-00001,1,Contemplative (Ex),"<p>A geminate invoker adds Knowledge (history), Knowledge (religion), and Linguistics to his list of class skills. Unlike most barbarians, a geminate invoker can be lawful, but must maintain a neutral element to his alignment. A geminate invoker who ceases to be neutral-aligned cannot activate his trance ability.</p>",icons/weapons/axes/axe-double-engraved-runes.webp
Barbarian,"[[""Barbarian""],[""Urban Barbarian""]]",Barbarian (Urban Barbarian),Urban Barbarian,<barbarianrage_1,1,Controlled Rage (Ex),"<p>When an urban barbarian rages, instead of making a normal rage she applies a +4 morale bonus to her Strength, Dexterity, or Constitution. This bonus increases to +6 when she gains greater rage and +8 when she gains mighty rage. She may apply the full bonus to one ability score or may split the bonus between several scores in increments of +2. When using a controlled rage, an urban barbarian gains no bonus on Will saves, takes no penalties to AC, and can still use Intelligence-, Dexterity-, and Charisma-based skills. This ability otherwise follows the normal rules for rage.</p>",icons/weapons/axes/axe-double-engraved-runes.webp
Barbarian,"[[""Barbarian""],[""Savage Technologist""]]",Barbarian (Savage Technologist),Savage Technologist,<barbarianimproveduncannydodge_5,5,Crack Shot,"<p>At 5th level, a savage technologist adds her Dexterity modifier to her damage rolls when making ranged attacks with a firearm while raging. This ability replaces Improved Uncanny Dodge.</p>",icons/weapons/axes/axe-double-engraved-runes.webp
Barbarian,"[[""Barbarian""],[""Urban Barbarian""]]",Barbarian (Urban Barbarian),Urban Barbarian,<barbarianfastmovement_1,1,Crowd Control (Ex),"<p>At 1st level, an urban barbarian gains a +1 bonus on attack rolls and a +1 dodge bonus to AC when adjacent to two or more enemies. In addition, her movement is not impeded by crowds, and she gains a bonus equal to 1/2 her barbarian level on Intimidate checks to influence crowds. This ability replaces fast movement.</p>",icons/weapons/axes/axe-double-engraved-runes.webp
Barbarian,"[[""Barbarian""],[""Deepwater Rager""]]",Barbarian (Deepwater Rager),Deepwater Rager,<barbarianindomitablewill_14,14,Crushing Grapple (Ex),"<p>At 14th level, a deepwater rager gains the constrict special attack (Pathfinder RPG Bestiary 298), which deals an amount of damage equal to the damage her unarmed strike deals.</p>",icons/weapons/axes/axe-double-engraved-runes.webp
Barbarian,"[[""Barbarian""],[""Wildborn""]]",Barbarian (Wildborn),Wildborn,<barbariandamagereduction_7,7,Damage reduction,"<p>At 7th level, a barbarian gains damage reduction. Subtract 1 from the damage the barbarian takes each time she is dealt damage from a weapon or a natural attack. At 10th level, and every three barbarian levels thereafter (13th, 16th, and 19th level), this damage reduction rises by 1 point. Damage reduction can reduce damage to 0 but not below 0.</p><p>Inexhaustible (Ex): Wildborn live ruggedly and sleep lightly. At 7th level, a wildborn recovers nonlethal damage for each minute of rest as if an hour had passed. She applies twice her damage reduction gained from barbarian levels against nonlethal damage.</p>",icons/weapons/axes/axe-double-engraved-runes.webp
Barbarian,"[[""Barbarian""],[""Jungle Rager""]]",Barbarian (Jungle Rager),Jungle Rager,<barbariandamagereduction_7,8,Damage reduction,"<p>At 7th level, a barbarian gains damage reduction. Subtract 1 from the damage the barbarian takes each time she is dealt damage from a weapon or a natural attack. At 10th level, and every three barbarian levels thereafter (13th, 16th, and 19th level), this damage reduction rises by 1 point. Damage reduction can reduce damage to 0 but not below 0.</p>",icons/weapons/axes/axe-double-engraved-runes.webp
Barbarian,"[[""Barbarian""],[""<id-00001""]]",Barbarian (Dreadnought),Dreadnought,<id-00001,1,Dead Calm (Ex),"<p>A dreadnought can enter a dispassionate killing spree as a free action, granting her additional combat prowess. The dreadnought gains only half the usual bonuses from her rage but takes no penalty to her AC, can use all her normal skills and effects that require concentration, and is not fatigued when her rage ends. The dreadnought cannot enter a rage for 1 minute after she ends her rage, and she cannot charge or run while under the effects of her rage.</p>",icons/weapons/axes/axe-double-engraved-runes.webp
Barbarian,"[[""Barbarian""],[""Untamed Rager""]]",Barbarian (Untamed Rager),Untamed Rager,<barbarianimproveduncannydodge_5,5,Deplorable Tactics,"<p>At 5th level, the untamed rager gains Greater Dirty Trick as a bonus feat. This ability replaces improved uncanny dodge.</p>",icons/weapons/axes/axe-double-engraved-runes.webp
Barbarian,"[[""Barbarian""],[""Untamed Rager""]]",Barbarian (Untamed Rager),Untamed Rager,<barbarianuncannydodge_2,2,Despicable Tactics,"<p>At 2nd level, the untamed rager gains Improved Dirty Trick as a bonus feat. This ability replaces uncanny dodge.</p>",icons/weapons/axes/axe-double-engraved-runes.webp
Barbarian,"[[""Barbarian""],[""Breaker""]]",Barbarian (Breaker),Breaker,<barbarianfastmovement_1,1,Destructive (Ex),"<p>Whenever the breaker barbarian makes a melee attack that targets an unattended object or makes a sunder combat maneuver, she adds half her barbarian level (minimum +1) on the damage roll. This ability replaces fast movement.</p>",icons/weapons/axes/axe-double-engraved-runes.webp
Barbarian,"[[""Barbarian""],[""Untamed Rager""]]",Barbarian (Untamed Rager),Untamed Rager,<barbariandamagereduction_7,7,Dishonorable,"<p>At 7th level and every 3 barbarian levels thereafter, the untamed rager gains a +1 bonus on combat maneuver checks when performing dirty tricks and to her CMD to resist others&#146; dirty tricks. This ability replaces damage reduction.</p>",icons/weapons/axes/axe-double-engraved-runes.webp
Barbarian,"[[""Barbarian""],[""Deepwater Rager""]]",Barbarian (Deepwater Rager),Deepwater Rager,<barbarianimproveduncannydodge_5,5,Disorienting Grapple (Ex),"<p>At 5th level, a deepwater rager becomes an expert in flipping and spinning opponents as they are grappled. An opponent grappled by the deepwater rager gains the sickened condition for as long as it has the grappled condition. When the creature&#146;s grappled condition ends, for any reason, it must succeed at an Acrobatics check (with a DC equal to the deepwater rager&#146;s CMD) or fall prone.</p>",icons/weapons/axes/axe-double-engraved-runes.webp
Barbarian,"[[""Barbarian""],[""Numerian Liberator""]]",Barbarian (Numerian Liberator),Numerian Liberator,<barbarianimproveduncannydodge_5,5,Disruptor,"<p>At 5th level, for any foes in a Numerian liberator&#146;s threatened area, the DC to cast spells defensively increases by 1. The DC increases by 1 again for every 5 levels thereafter (to a maximum increase of 4 at 20th level). If the barbarian gains the disruptive rage power, the two abilities stack. This ability replaces improved uncanny dodge.</p>",icons/weapons/axes/axe-double-engraved-runes.webp
Barbarian,"[[""Barbarian""],[""Drunken Rager""]]",Barbarian (Drunken Rager),Drunken Rager,<barbarianrage_1,1,Drunken Rage (Ex),"<p>At 1st level, a drunken rager can drink a unit of ale or other strong alcohol while raging to gain 1 drunken rage point. The act of drinking is a standard action that does not provoke attacks of opportunity. At 1st level, the barbarian can have a maximum of 1 drunken rage point; this maximum increases by 1 every 2 levels thereafter. These drunken rage points last for 1 hour or until spent, whichever comes first. The barbarian can use drunken rage points only while raging. Unless otherwise noted, spending a drunken rage point is a free action.</p><p>A drunken rager can spend 1 drunken rage point to increase her movement speed by 20 feet for 1 round, provided she is wearing no armor, light armor, or medium armor and is not carrying a heavy load. She can also spend 1 drunken rage point to gain 1 additional round of her rage class feature, which lasts for 1 hour or until used. This ability replaces fast movement.</p>",icons/weapons/axes/axe-double-engraved-runes.webp
Barbarian,"[[""Barbarian""],[""Drunken Rager""]]",Barbarian (Drunken Rager),Drunken Rager,<barbarianragepowers_12,12,Drunken Swing (Ex),"<p>At 12th level, a drunken rager can spend 1 drunken rage point as a swift action before making a melee attack to drastically increase the deadliness of her attack. The critical threat range of her next attack that round increases by 1 (for example, a critical threat range of 20 would increase to 19&#150;20). This ability does not stack with any other effect that expands the critical threat range of a weapon. At 16th level and again at 20th level, the barbarian can spend 1 additional drunken rage point to further increase the critical threat range of her next attack (to a maximum critical threat range increase of 3 at 20th level). This ability replaces the rage power gained at 12th level.</p>",icons/weapons/axes/axe-double-engraved-runes.webp
Barbarian,"[[""Barbarian""],[""Elemental Kin""]]",Barbarian (Elemental Kin),Elemental Kin,<barbariantrapsense_3,3,Elemental Fury,"<p>At 3rd level, whenever the elemental kin takes an amount of energy damage equal to or greater than her barbarian level while raging, she adds 1 to the total number of rounds that she can rage that day. At 6th level, and every three levels thereafter, the number of extra rounds per energy attack increases by +1, to a maximum of +6 rounds per energy attack at at 18th level. This ability replaces trap sense.</p>",icons/weapons/axes/axe-double-engraved-runes.webp
Barbarian,"[[""Barbarian""],[""Titan Mauler""]]",Barbarian (Titan Mauler),Titan Mauler,<barbarianimproveduncannydodge_5,5,Evade Reach (Ex),"<p>At 5th level, as a swift action, a titan mauler may choose one creature within her line of sight. Until the end of her turn, that target&#146;s reach is treated as if it were 5 feet shorter with respect to reaching the titan mauler, and this reduction increases by 5 feet for every five levels beyond 5th. This ability replaces improved uncanny dodge.</p>",icons/weapons/axes/axe-double-engraved-runes.webp
Barbarian,"[[""Barbarian""],[""Primal Hunter""]]",Barbarian (Primal Hunter),Primal Hunter,<barbarianfastmovement_1,1,Exceptional Pull,"<p>At 1st level, a primal hunter gains Exceptional Pull as a bonus feat, even if she doesn&#146;t meet the requirements. At 11th and 20th levels, the strength rating of weapons she wields increases by 1 (weapons without a strength rating are not affected). This ability replaces fast movement.</p>",icons/weapons/axes/axe-double-engraved-runes.webp
Barbarian,"[[""Barbarian""],[""Invulnerable Rager""]]",Barbarian (Invulnerable Rager),Invulnerable Rager,<barbariantrapsense_3,3,Extreme Endurance,"<p>At 3rd level, the invulnerable rager is inured to either hot or cold climate effects (choose one) as if using endure elements. In addition, the barbarian gains 1 point of fire or cold resistance for every three levels beyond 3rd. This ability replaces trap sense.</p>",icons/weapons/axes/axe-double-engraved-runes.webp
Barbarian,"[[""Barbarian""],[""Sea Reaver""]]",Barbarian (Sea Reaver),Sea Reaver,<barbarianuncannydodge_2,2,Eyes of the Storm,"<p>At 2nd level, a sea reaver ignores any concealment provided by fog, rain, sleet, mist, wind, or other weather effects that is less than total concealment, and any penalties weather applies on Perception checks are halved. This ability replaces uncanny dodge.</p>",icons/weapons/axes/axe-double-engraved-runes.webp
Barbarian,"[[""Barbarian""],[""Hateful Rager""]]",Barbarian (Hateful Rager),Hateful Rager,<barbarianragepowers_2,2,Favored Enemy (Ex),"<p>At 2nd level, a hateful rager selects a favored enemy. This ability works identically to the ranger ability of the same name. At 8th, 14th, and 20th level, the hateful rager selects another favored enemy and increases her bonus against one favored enemy type, as described in the ranger class.</p><p>While raging, the hateful rager makes every effort to fight a favored enemy rather than other opponents. If aware of the presence of a favored enemy, the hateful rager must make a DC 20 Will save each round to attack another creature; failure means the barbarian must attack the favored enemy or move closer to that enemy. She may freely attack creatures preventing her from reaching that favored enemy (regardless of whether they are actively trying to prevent her attacks or merely in the way). She can avoid harmful obstacles normally in her attempts to reach the target and is not forced to take the shortest route.</p><p>This ability replaces the barbarian&#146;s rage power gained at 2nd level. At 8th, 14th, and 20th levels, in place of a rage power she gains another favored enemy and increases her bonus against one favored enemy type.</p>",icons/weapons/axes/axe-double-engraved-runes.webp
Barbarian,"[[""Barbarian""],[""True Primitive""]]",Barbarian (True Primitive),True Primitive,<barbarianfastmovement_1,1,Favored Terrain (Ex),"<p>A true primitive has a favored terrain representing her native homeland. This ability functions as the ranger class feature, and the true primitive&#146;s bonuses in that terrain improve by +2 at 5th level and every five levels thereafter. However, she does not gain any additional favored terrains. This ability replaces fast movement.</p>",icons/weapons/axes/axe-double-engraved-runes.webp
Barbarian,"[[""Barbarian""],[""Dreadnought""]]",Barbarian (Dreadnought),Dreadnought,<barbarianindomitablewill_14,14,Fearless Killer (Su),"<p>Starting at 14th level, a dreadnought becomes implacable in her pursuit of slaughter. While in rage, she is immune to fear effects.</p>",icons/weapons/axes/axe-double-engraved-runes.webp
Barbarian,"[[""Barbarian""],[""Flesheater""]]",Barbarian (Flesheater),Flesheater,<barbarianindomitablewill_14,14,Feast (Su),"<p>At 14th level, a flesheater can use her one flesh and unbound rage abilities to emulate any one valid consumed creature of her choice, rather than only the one she consumed most recently. This ability replaces the 14th-level rage power.</p>",icons/weapons/axes/axe-double-engraved-runes.webp
Barbarian,"[[""Barbarian""],[""Raging Cannibal""]]",Barbarian (Raging Cannibal),Raging Cannibal,<barbarianimproveduncannydodge_5,5,Feed from Fury (Ex),"<p>At 5th level, a raging cannibal is empowered by eating her enemies during combat. When a raging cannibal confirms a critical hit against a creature of the same creature type as herself with her bite attack while raging, she gains a number of temporary hit points equal to her barbarian level. These temporary hit points stack with other temporary hit points gained from this ability but not with those from other sources. These temporary hit points fade after a period of time equal to 10 minutes per barbarian level.</p>",icons/weapons/axes/axe-double-engraved-runes.webp
Barbarian,"[[""Barbarian""],[""Hateful Rager""]]",Barbarian (Hateful Rager),Hateful Rager,<barbarianimproveduncannydodge_5,5,Feed the Rage (Ex),"<p>At 5th level, a hateful rager gains 1 additional round of rage for each favored enemy she knocks unconscious or kills in combat. These current rounds of rage can only be used to add to the duration of her rage, and disappear when the rage ends. This ability replaces improved uncanny dodge.</p>",icons/weapons/axes/axe-double-engraved-runes.webp
Barbarian,"[[""Barbarian""],[""Untamed Rager""]]",Barbarian (Untamed Rager),Untamed Rager,<barbariantrapsense_3,3,Feral Appearance (+1),"<p>At 3rd level, the untamed rager gains a +1 bonus on Intimidate checks. This bonus increases by 1 every 3 barbarian levels thereafter. This ability replaces trap sense.</p>",icons/weapons/axes/axe-double-engraved-runes.webp
Barbarian,"[[""Barbarian""],[""Beastkin Berserker""]]",Barbarian (Beastkin Berserker),Beastkin Berserker,<barbarianragepowers_4,4,Feral Transformation (Su),"<p>At 4th level, when entering a rage, a beastkin berserker can take the form of a Small or Medium animal. This functions as beast shape I, except the duration is for as long as the beastkin berserker rages and the animal must be one she has chosen with her savage rapport.</p><p>At 8th level, the beastkin berserker can use feral transformation to take the form of a Large or Tiny animal that she has chosen with her savage rapport. Feral transformation now acts as beast shape II.</p><p>At 12th level, a beastkin berserker is able to use feral transformation to take the form of a Huge or Diminutive animal that she has chosen with her savage rapport. Feral transformation now functions as beast shape III.</p>",icons/weapons/axes/axe-double-engraved-runes.webp
Barbarian,"[[""Barbarian""],[""Mad Dog""]]",Barbarian (Mad Dog),Mad Dog,<barbarianimproveduncannydodge_5,5,Ferocious Fetch (Ex),"<p>At 5th level, a mad dog&#146;s war beast gains Improved Drag as a bonus feat. As a swift action, a mad dog can command her war beast to move toward an opponent within 30 feet and attempt a drag combat maneuver to pull the target back toward the mad dog. The war beast can move before and after performing the maneuver, but this movement counts toward the war beast&#146;s total movement during its turn. This ability replaces improved uncanny dodge.</p>",icons/weapons/axes/axe-double-engraved-runes.webp
Barbarian,"[[""Barbarian""],[""Shoanti Burn Rider""]]",Barbarian (Shoanti Burn Rider),Shoanti Burn Rider,<barbarianfastmovement_1,1,Flame Runner (+10 ft.),"<p>At 1st level, once per rage, a burn rider can goad her mount into a burst of incredible speed. The mount&#146;s speed increases by 10 feet until the end of the burn rider&#146;s turn. This bonus to speed increases by 10 feet at 9th level and again at 15th level. This ability replaces fast movement.</p>",icons/weapons/axes/axe-double-engraved-runes.webp
Barbarian,"[[""Barbarian""],[""Primal Hunter""]]",Barbarian (Primal Hunter),Primal Hunter,<barbarianrage_1,1,Focused Rage (Ex),"<p>While raging, a primal hunter gains a +2 bonus on attack rolls with ranged weapons. This bonus increases to +3 at 11th level and to +4 at 20th level. While raging, a primal hunter can attempt Stealth checks but doesn&#146;t gain a morale bonus on Will saves. This ability alters rage.</p>",icons/weapons/axes/axe-double-engraved-runes.webp
Barbarian,"[[""Barbarian""],[""Deepwater Rager""]]",Barbarian (Deepwater Rager),Deepwater Rager,<barbariantirelessrage_17,17,Full Lungs (Ex),"<p>At 17th level, a deepwater rager does not need to breathe while she is raging.</p>",icons/weapons/axes/axe-double-engraved-runes.webp
Barbarian,"[[""Barbarian""],[""Giant Stalker""]]",Barbarian (Giant Stalker),Giant Stalker,<barbariantrapsense_3,3,Giant Baiter (+1),"<p>At 3rd level, a raging giant stalker can take a move action to erupt into a violent or vulgar display directed at a single giant within 60 feet. This display is infused with secret magical traditions that draw upon the Mammoth Lords&#146; ancestral enmities toward giants. A targeted giant must succeed at a Will save (DC = 10 + half the giant stalker&#146;s barbarian level + the giant stalker&#146;s Constitution modifier) or be compelled to focus its attacks on the giant stalker; this ability can also affect non-giant creatures that are Large or larger, though such creatures gain a +4 bonus on the Will save to resist the effect. This compulsion ends if the giant stalker is out of sight or inaccessible to the giant&#146;s attacks. While baited, a giant is distracted and enraged by the insults&#151;a giant stalker gains a +1 dodge bonus to her AC against any giant she has successfully baited. Once baited, a giant remains baited for a number of rounds equal to the giant stalker&#146;s Constitution modifier, or until the giant stalker&#146;s rage ends (whichever comes first). If the giant stalker baits a different giant, any previously baited giant is no longer baited. A giant that successfully saves against baiting is immune to that giant stalker&#146;s giant baiter ability for 24 hours. This is a language-dependent mind affecting effect.</p><p>At 6th level, a giant stalker can bait two giants at once, and her AC bonus against baited giants increases to +2. At 9th level, baiting giants becomes a swift action, and her AC bonus against baited giants increases to +3. At 12th level, she can bait up to three giants at once, and her AC bonus against baited giants increases to +4. At 15th level, baiting giants becomes a free action, and her AC bonus against baited giants increases to +5. At 18th level, a giant stalker can bait a number of giants equal to 3 + her Constitution modifier, and her AC bonus against baited giants increases to +6.</p>",icons/weapons/axes/axe-double-engraved-runes.webp
Barbarian,"[[""Barbarian""],[""Shoanti Burn Rider""]]",Barbarian (Shoanti Burn Rider),Shoanti Burn Rider,<barbarianimproveduncannydodge_5,5,Give Me Fire (Ex),"<p>At 5th level, if a Shoanti burn rider takes fire damage while raging, she regains 1 round of rage. The burn rider regains the round of rage only if the fire damage bypasses or exceeds any energy resistance or other protections in effect. The burn rider can only regain 1 round of rage per round. This ability replaces improved uncanny dodge.</p>",icons/weapons/axes/axe-double-engraved-runes.webp
Barbarian,"[[""Barbarian""],[""Urban Barbarian""]]",Barbarian (Urban Barbarian),Urban Barbarian,<barbariangreaterrage_11,11,Greater Controlled rage,"<p>At 11th level, when a barbarian enters a controlled rage, the morale bonus to her Strength, Dexterity, or Constitution increases to +6.</p>",icons/weapons/axes/axe-double-engraved-runes.webp
Barbarian,"[[""Barbarian""],[""Feral Gnasher""]]",Barbarian (Feral Gnasher),Feral Gnasher,<barbariantrapsense_9,9,Greater Lockjaw (Ex),"<p>At 9th level and again at 15th level, the size of a creature a feral gnasher is able to use her lockjaw&#146;s grab ability on increases by one size increment. This ability replaces trap sense +3 and trap sense +5.</p>",icons/weapons/axes/axe-double-engraved-runes.webp
Barbarian,"[[""Barbarian""],[""Mooncursed""]]",Barbarian (Mooncursed),Mooncursed,<barbariangreaterrage_11,11,Greater Shifting Rage,"<p>At 11th level, a mooncursed can assume larger alternate and hybrid forms. This functions like beast shape II, and it allows the mooncursed to take on a Medium or Large version of her animal&#146;s form.</p>",icons/weapons/axes/axe-double-engraved-runes.webp
Barbarian,"[[""Barbarian""],[""Giant Stalker""]]",Barbarian (Giant Stalker),Giant Stalker,,2,Harangue Giant (Ex),"<p>While raging, a giant stalker can speak Giant. If the giant stalker already knows Giant, she gains a +2 bonus on Intimidate checks when speaking Giant while raging.</p>",icons/weapons/axes/axe-double-engraved-runes.webp
Barbarian,"[[""Barbarian""],[""Numerian Liberator""]]",Barbarian (Numerian Liberator),Numerian Liberator,<barbarianuncannydodge_2,2,Hard Hitter (Ex),"<p>At 2nd level, a Numerian liberator can make devastating attacks against objects and foes with breakable components. Damage dealt by the barbarian&#146;s attacks ignores an amount of an object&#146;s or creature&#146;s hardness (if any) equal to 1/2 her class level. This ability replaces the uncanny dodge.</p>",icons/weapons/axes/axe-double-engraved-runes.webp
Barbarian,"[[""Barbarian""],[""Geminate Invoker""]]",Barbarian (Geminate Invoker),Geminate Invoker,<barbariantrapsense_3,3,Haunt Channeler (+1),"<p>At 3rd level, a geminate invoker gains the power to sense and absorb lingering spiritual energy. This functions identically to the medium class ability of the same name, except the geminate invoker deals 1d6 points of damage to haunts for every 3 barbarian levels he has.</p>",icons/weapons/axes/axe-double-engraved-runes.webp
Barbarian,"[[""Barbarian""],[""Numerian Liberator""]]",Barbarian (Numerian Liberator),Numerian Liberator,<barbarianindomitablewill_14,14,Hide from Constructs (Su),"<p>At 14th level, a Numerian liberator can control her movement, breathing, body temperature, and other physiological signs to confuse the artificial visions of constructs. At will, the barbarian can make herself undetectable to constructs as if she were affected by a hide from undead spell that instead hides the subject from constructs. Intelligent constructs receive a Will save (DC 10 + 1/2 the barbarian&#146;s level + the barbarian&#146;s Constitution modifier) to see through this effect. The barbarian must expend 1 round of rage for each round she uses this ability. This ability replaces indomitable will.</p>",icons/weapons/axes/axe-double-engraved-runes.webp
Barbarian,"[[""Barbarian""],[""Brutish Swamper""]]",Barbarian (Brutish Swamper),Brutish Swamper,<barbarianuncannydodge_2,2,Home (+2),"<p>At 2nd level, a brutish swamper gains a +2 bonus on initiative checks and Knowledge (geography), Perception, Stealth, and Survival checks when in swamps. This bonus increases by +1 at 5th level and again every 3 levels after 5th (up to a maximum bonus of +8 at 20th level).</p>",icons/weapons/axes/axe-double-engraved-runes.webp
Barbarian,"[[""Barbarian""],[""Jungle Rager""]]",Barbarian (Jungle Rager),Jungle Rager,<barbarianuncannydodge_2,2,Home Ground Advantage (Ex),"<p>At 2nd level, a jungle rager learns how to make optimal use of the natural cover of her homeland. She chooses a specific terrain type from the ranger list of favored terrains. When in this terrain, she increases her bonus to AC and on Reflex saving throws gained from cover, partial cover, and improved cover (but not soft cover) by 1. In this terrain, she also increases the miss chance caused by concealment for attacks against her by 5%. This ability replaces uncanny dodge.</p>",icons/weapons/axes/axe-double-engraved-runes.webp
Barbarian,"[[""Barbarian""],[""Jungle Rager""]]",Barbarian (Jungle Rager),Jungle Rager,<barbarianimproveduncannydodge_5,5,Home Ground Supremacy,"<p>At 5th level, a jungle rager becomes even more capable when navigating and fighting in her preferred terrain. She gains the woodland stride ranger ability, though this ability works only in the terrain she selected for the home ground advantage ability. In this terrain, she gains an additional +1 bonus to AC when benefiting from cover or improved cover (but not soft cover). This ability replaces improved uncanny dodge.</p>",icons/weapons/axes/axe-double-engraved-runes.webp
Barbarian,"[[""Barbarian""],[""Mooncursed""]]",Barbarian (Mooncursed),Mooncursed,<barbarianimproveduncannydodge_5,5,Hybrid Rage,"<p>Beginning at 5th level, a mooncursed can choose to assume a hybrid of her base type and alternate form instead of her usual alternate form during her shifting rage. If she does, the animal&#146;s forelimbs (or pectoral fins for the shark) remain hands able to manipulate objects and wield weapons as well as human hands do, she can walk on two legs (the shark&#146;s tail fins remain legs), and she can talk.</p>",icons/weapons/axes/axe-double-engraved-runes.webp
Barbarian,"[[""Barbarian""],[""True Primitive""]]",Barbarian (True Primitive),True Primitive,,1,Illiteracy,"<p>A true primitive cannot read or write, and her superstition about such things leads her to refuse to ever learn to read or write, even if she multiclasses into other classes.</p>",icons/weapons/axes/axe-double-engraved-runes.webp
Barbarian,"[[""Barbarian""],[""Wildborn""]]",Barbarian (Wildborn),Wildborn,,1,Illiteracy,"<p>A wildborn cannot read or write. She can learn to read or write a language only if she takes a level in another class, and even then only by taking 1 or more ranks in Linguistics.</p>",icons/weapons/axes/axe-double-engraved-runes.webp
Barbarian,"[[""Barbarian""],[""Feral Gnasher""]]",Barbarian (Feral Gnasher),Feral Gnasher,<barbarianragepowers_2,2,Impromptu Armament (Ex),"<p>At 2nd level, a feral gnasher gains Throw Anything as a bonus feat and can pick up an unattended object that can be wielded in one hand as a free action. Additionally, the feral gnasher can take Catch Off-Guard in place of a rage power. This replaces the rage power gained at second level.</p>",icons/weapons/axes/axe-double-engraved-runes.webp
Barbarian,"[[""Barbarian""],[""Armored Hulk""]]",Barbarian (Armored Hulk),Armored Hulk,<barbarianimproveduncannydodge_5,5,Improved Armored Swiftness,"<p>At 5th level, an armored hulk&#146;s land speed is faster than the norm for her race by +10 feet. This benefit applies when she is wearing any armor, including heavy armor, but not while carrying a heavy load. Apply this bonus before modifying the armored hulk&#146;s speed because of any load carried or armor worn. This bonus stacks with any other bonuses to the barbarian&#146;s land speed. This ability replaces improved uncanny dodge.</p>",icons/weapons/axes/axe-double-engraved-runes.webp
Barbarian,"[[""Barbarian""],[""Feral Gnasher""]]",Barbarian (Feral Gnasher),Feral Gnasher,<barbariantrapsense_6,6,Improved Lockjaw (Ex),"<p>At 6th level, as long as a feral gnasher is controlling the grapple with her lockjaw attack, she does not gain the grappled condition, but is unable to move or use her mouth for anything other than grappling. This ability replaces trap sense +2.</p>",icons/weapons/axes/axe-double-engraved-runes.webp
Barbarian,"[[""Barbarian""],[""Brutal Pugilist""]]",Barbarian (Brutal Pugilist),Brutal Pugilist,<barbarianimproveduncannydodge_5,5,Improved Savage Grapple (Ex),"<p>At 5th level, the brutal pugilist takes no penalties to Dexterity, attack rolls, and combat maneuver checks when she has the grappled condition. SShe also is treated as one size larger than her actual size when determining whether she can be grappled using the grab ability or swallowed by another creature</p>",icons/weapons/axes/axe-double-engraved-runes.webp
Barbarian,"[[""Barbarian""],[""Drunken Rager""]]",Barbarian (Drunken Rager),Drunken Rager,<barbarianimproveduncannydodge_5,5,Improved Staggering Evasion (Ex),"<p>At 5th level, as long as she has at least 2 drunken rage points, a drunken rager gains improved evasion, as the rogue advanced talent of the same name. This ability replaces improved uncanny dodge.</p>",icons/weapons/axes/axe-double-engraved-runes.webp
Barbarian,"[[""Barbarian""],[""Scarred Rager""]]",Barbarian (Scarred Rager),Scarred Rager,<barbarianimproveduncannydodge_5,5,Improved Tolerance,"<p>At 5th level, a scarred rager&#146;s tolerance ability also applies to effects that would cause her to become dazed, frightened, shaken, or stunned. This replaces improved uncanny dodge.</p>",icons/weapons/axes/axe-double-engraved-runes.webp
Barbarian,"[[""Barbarian""],[""Feral Gnasher""]]",Barbarian (Feral Gnasher),Feral Gnasher,<barbarianuncannydodge_2,2,Improvised Weapon Mastery (Ex),"<p>At 5th level, a feral gnasher gains Improvised Weapon Mastery as a bonus feat. This replaces improved uncanny dodge.</p>",icons/weapons/axes/axe-double-engraved-runes.webp
Barbarian,"[[""Barbarian""],[""Pack Hunter""]]",Barbarian (Pack Hunter),Pack Hunter,<barbariantrapsense_3,3,In and Out (+1),"<p>At 3rd level, a pack hunter gains a +1 dodge bonus to AC against attacks of opportunity. This bonus increases by 1 for every 3 barbarian levels after 3rd (to a maximum bonus of +6 at 18th level).</p>",icons/weapons/axes/axe-double-engraved-runes.webp
Barbarian,"[[""Barbarian""],[""Armored Hulk""]]",Barbarian (Armored Hulk),Armored Hulk,<barbarianfastmovement_1,1,Indomitable Stance (Ex),"<p>An armored hulk gains a +1 bonus on combat maneuver checks and to CMD for overrun combat maneuvers, and on Reflex saves against trample attacks. She also gains a +1 bonus to her AC against charge attacks and on attack and damage rolls against charging creatures. This ability replaces fast movement.</p>",icons/weapons/axes/axe-double-engraved-runes.webp
Barbarian,"[[""Barbarian""],[""Dreadnought""]]",Barbarian (Dreadnought),Dreadnought,<barbariantirelessrage_17,17,Instant Dispassion (Ex),"<p>At 17th level, a dreadnought can quickly turn her compassion on and off. She can enter a rage as soon as she wants after ending a previous rage.</p>",icons/weapons/axes/axe-double-engraved-runes.webp
Barbarian,"[[""Barbarian""],[""Raging Cannibal""]]",Barbarian (Raging Cannibal),Raging Cannibal,<barbariantrapsense_3,3,Intimidating Gouge (Ex),"<p>At 3rd level, when a raging cannibal confirms a critical hit against a creature of the same creature type as herself with her bite attack while raging, she gains a bonus on Intimidate checks equal to half her barbarian level for the duration of the rage.</p>",icons/weapons/axes/axe-double-engraved-runes.webp
Barbarian,"[[""Barbarian""],[""Fearsome Defender""]]",Barbarian (Fearsome Defender),Fearsome Defender,<barbarianfastmovement_1,1,Intractable (Ex),"<p>A combination of brainwashing and loyalty helps a fearsome defender resist pain and torture, enduring grueling combat or questioning without betraying her dark lord. A fearsome defender gains a +2 bonus on saving throws against painUM effects, and the DCs of checks to coerce her or demoralize her with Diplomacy or Intimidate increase by 2. Both the bonus and the increase to DCs increase by 2 when she gains greater rage and again by 2 when she gains mighty rage.</p>",icons/weapons/axes/axe-double-engraved-runes.webp
Barbarian,"[[""Barbarian""],[""Invulnerable Rager""]]",Barbarian (Invulnerable Rager),Invulnerable Rager,<barbarianuncannydodge_2,2,Invulnerability (Ex),"<p>At 2nd level, the invulnerable rager gains DR/&#151; equal to half her barbarian level. This damage reduction is doubled against nonlethal damage. This ability replaces uncanny dodge, improved uncanny dodge, and damage reduction.</p>",icons/weapons/axes/axe-double-engraved-runes.webp
Barbarian,"[[""Barbarian""],[""Titan Mauler""]]",Barbarian (Titan Mauler),Titan Mauler,<barbarianuncannydodge_2,2,Jotungrip (Ex),"<p>At 2nd level, a barbarian gains the ability to react to danger before her senses would normally allow her to do so. She cannot be caught flat-footed, even if the attacker is invisible. She still loses her Dexterity bonus to AC if immobilized. A barbarian with this ability can still lose her Dexterity bonus to AC if an opponent successfully uses the feint action against her.If a barbarian already has uncanny dodge from a different class, she automatically gains improved uncanny dodge (see below) instead.</p>",icons/weapons/axes/axe-double-engraved-runes.webp
Barbarian,"[[""Barbarian""],[""Jungle Rager""]]",Barbarian (Jungle Rager),Jungle Rager,<barbariantrapsense_3,3,Jungle Endurance (+1),"<p>At 3rd level, a jungle rager gains a +1 bonus on Fortitude saves to resist the effects of hot weather and diseases. This bonus increases by +1 every 3 barbarian levels after 3rd. This ability replaces trap sense.</p>",icons/weapons/axes/axe-double-engraved-runes.webp
Barbarian,"[[""Barbarian""],[""Superstitious""]]",Barbarian (Superstitious),Superstitious,<barbariandamagereduction_16,16,Keen Senses (Blindsense 30ft.),"<p>At 7th level, the superstitious barbarian gains low-light vision (triple normal vision range in dim light if she already has low-light vision). At 10th level, she gains darkvision 60 feet (or adds 60 feet to the range of any darkvision already possessed). At 13th level, she gains scent. At 16th level, she gains blindsense 30 feet. At 19th level, she gains blindsight 30 feet. This ability replaces damage reduction.</p>",icons/weapons/axes/axe-double-engraved-runes.webp
Barbarian,"[[""Barbarian""],[""Superstitious""]]",Barbarian (Superstitious),Superstitious,<barbariandamagereduction_19,19,Keen Senses (Blindsight 30ft.),"<p>At 7th level, the superstitious barbarian gains low-light vision (triple normal vision range in dim light if she already has low-light vision). At 10th level, she gains darkvision 60 feet (or adds 60 feet to the range of any darkvision already possessed). At 13th level, she gains scent. At 16th level, she gains blindsense 30 feet. At 19th level, she gains blindsight 30 feet. This ability replaces damage reduction.</p>",icons/weapons/axes/axe-double-engraved-runes.webp
Barbarian,"[[""Barbarian""],[""Superstitious""]]",Barbarian (Superstitious),Superstitious,<barbariandamagereduction_10,10,Keen Senses (Darkvision),"<p>At 7th level, the superstitious barbarian gains low-light vision (triple normal vision range in dim light if she already has low-light vision). At 10th level, she gains darkvision 60 feet (or adds 60 feet to the range of any darkvision already possessed). At 13th level, she gains scent. At 16th level, she gains blindsense 30 feet. At 19th level, she gains blindsight 30 feet. This ability replaces damage reduction.</p>",icons/weapons/axes/axe-double-engraved-runes.webp
Barbarian,"[[""Barbarian""],[""Superstitious""]]",Barbarian (Superstitious),Superstitious,<barbariandamagereduction_7,7,Keen Senses (Low-light Vision),"<p>At 7th level, the superstitious barbarian gains low-light vision (triple normal vision range in dim light if she already has low-light vision). At 10th level, she gains darkvision 60 feet (or adds 60 feet to the range of any darkvision already possessed). At 13th level, she gains scent. At 16th level, she gains blindsense 30 feet. At 19th level, she gains blindsight 30 feet. This ability replaces damage reduction.</p>",icons/weapons/axes/axe-double-engraved-runes.webp
Barbarian,"[[""Barbarian""],[""Superstitious""]]",Barbarian (Superstitious),Superstitious,<barbariandamagereduction_13,13,Keen Senses (Scent),"<p>At 7th level, the superstitious barbarian gains low-light vision (triple normal vision range in dim light if she already has low-light vision). At 10th level, she gains darkvision 60 feet (or adds 60 feet to the range of any darkvision already possessed). At 13th level, she gains scent. At 16th level, she gains blindsense 30 feet. At 19th level, she gains blindsight 30 feet. This ability replaces damage reduction.</p>",icons/weapons/axes/axe-double-engraved-runes.webp
Barbarian,"[[""Barbarian""],[""Feral Gnasher""]]",Barbarian (Feral Gnasher),Feral Gnasher,<barbariantrapsense_3,3,Lockjaw (Ex),"<p>At 3rd level, a feral gnasher gains the grab ability with her bite attack. A feral gnasher can use this ability on a creature up to one size category larger than she is. This replaces trap sense +1.</p>",icons/weapons/axes/axe-double-engraved-runes.webp
Barbarian,"[[""Barbarian""],[""Sea Reaver""]]",Barbarian (Sea Reaver),Sea Reaver,<barbarianfastmovement_1,1,Marine Terror,"<p>A sea reaver can hold her breath for a number of rounds equal to four times her Constitution score. In addition, a sea reaver can move normally though squares of standing water or bog that is 1 foot deep. It does not cost her extra movement to traverse these terrains. Lastly, a sea reaver ignores the normal cover bonus to AC when attacking creatures that are partially immersed in water. This ability replaces fast movement.</p>",icons/weapons/axes/axe-double-engraved-runes.webp
Barbarian,"[[""Barbarian""],[""Brutish Swamper""]]",Barbarian (Brutish Swamper),Brutish Swamper,<barbarianfastmovement_1,1,Marsh March (Ex),"<p>A brutish swamper can move through the underbrush and muddy terrain of bogs and swamps at her normal speed without taking damage or suffering other impairments. Briars, mud, thorns, and overgrown areas that have been magically manipulated to impede motion, however, still affect her.</p>",icons/weapons/axes/axe-double-engraved-runes.webp
Barbarian,"[[""Barbarian""],[""Titan Mauler""]]",Barbarian (Titan Mauler),Titan Mauler,<barbariantrapsense_3,3,Massive Weapons (+1),"<p>At 3rd level, a titan mauler becomes skilled in the use of massive weapons looted from her titanic foes. She can use two-handed weapons meant for creatures one size category larger, but the penalty for doing so is increased by 4. However, the attack roll penalty for using weapons too large for her size is reduced by 1, and this reduction increases by 1 for every three levels beyond 3rd (to a minimum of 0). This ability replaces trap sense.</p>",icons/weapons/axes/axe-double-engraved-runes.webp
Barbarian,"[[""Barbarian""],[""Urban Barbarian""]]",Barbarian (Urban Barbarian),Urban Barbarian,<barbarianmightyrage_20,20,Mighty Conrtolled rage,"<p>At 20th level, when a barbarian enters a controlled rage, the morale bonus to her Strength, Dexterity, or Constitution increases to +8.</p>",icons/weapons/axes/axe-double-engraved-runes.webp
Barbarian,"[[""Barbarian""],[""Mooncursed""]]",Barbarian (Mooncursed),Mooncursed,<barbarianmightyrage_20,20,Mighty Shifting Rage,"<p>At 20th level, a mooncursed can assume even larger alternate and hybrid forms. This functions like beast shape III, and it allows the mooncursed to take on a Medium, Large, or Huge version of her animal&#146;s form.</p>",icons/weapons/axes/axe-double-engraved-runes.webp
Barbarian,"[[""Barbarian""],[""Shoanti Burn Rider""]]",Barbarian (Shoanti Burn Rider),Shoanti Burn Rider,<barbarianragepowers_4,4,Mount,"<p>At 4th level, a burn rider gains a loyal mount. This ability functions like the druid&#146;s animal companion ability (as described in the nature bond class feature), except that the burn rider always gains a horse or pony (though she can gain additional options at the GM&#146;s discretion) and her effective druid level is equal to her Shoanti burn rider level &#150; 3. This ability replaces the rage powers gained at 4th, 8th, 12th, and 16th level.</p>",icons/weapons/axes/axe-double-engraved-runes.webp
Barbarian,"[[""Barbarian""],[""Savage Barbarian""]]",Barbarian (Savage Barbarian),Savage Barbarian,<barbariantrapsense_3,3,Naked Courage (+1),"<p>At 3rd level, the savage barbarian gains a +1 dodge bonus to AC and a +1 morale bonus on saving throws against fear when wearing no armor (shields are allowed). This bonus increases by +1 for every six levels after 3rd. This ability replaces trap sense.</p>",icons/weapons/axes/axe-double-engraved-runes.webp
Barbarian,"[[""Barbarian""],[""Savage Barbarian""]]",Barbarian (Savage Barbarian),Savage Barbarian,<barbariandamagereduction_7,7,Natural Toughness (+1),"<p>At 7th level, the savage barbarian gains a +1 natural armor bonus to AC when wearing no armor (shields are allowed). This bonus increases by +1 for every three levels beyond 7th. This ability replaces damage reduction.</p>",icons/weapons/axes/axe-double-engraved-runes.webp
Barbarian,"[[""Barbarian""],[""Sharptooth""]]",Barbarian (Sharptooth),Sharptooth,<barbariantrapsense_3,3,Ocean Breath (+1),"<p>At 3rd level, a sharptooth counts her Constitution score as 1 higher for the purposes of holding her breath. She also gains a +1 bonus on Constitution checks to continue holding her breath. This bonus and the addition to her effective Constitution score both increase by 1 at 6th level and every 3 levels thereafter, to a maximum bonus of +6 at 18th level.</p>",icons/weapons/axes/axe-double-engraved-runes.webp
Barbarian,"[[""Barbarian""],[""Fearsome Defender""]]",Barbarian (Fearsome Defender),Fearsome Defender,<barbarianuncannydodge_2,2,Off the Leash (Ex),"<p>Beginning at 2nd level, a fearsome defender simmers on the edge of bloody combat. Whenever she begins a rage, she can also draw an unconcealed weapon as part of the free action to begin raging.</p>",icons/weapons/axes/axe-double-engraved-runes.webp
Barbarian,"[[""Barbarian""],[""Flesheater""]]",Barbarian (Flesheater),Flesheater,<barbarianuncannydodge_2,2,One Flesh (Su),"<p>At 2nd level when entering a rage, a flesheater can spend an additional round of rage and take an additional &#150;2 penalty to Intelligence to take on a single ability of the valid consumed creature whose flesh she ate most recently. For the purpose of this ability, a valid consumed creature is any dead animal, dragon, humanoid, or magical beast that died and was consumed by the flesheater within the past 24 hours. She can choose any ability listed under beast shape I, as long as the creature possessed that ability. At 5th level, the flesheater can take on any number of the creature&#146;s abilities that are listed under beast shape I. At 8th level, the flesheater can instead take on one of the creature&#146;s abilities listed under beast shape II. The flesheater&#146;s appearance alters to resemble the consumed creature, but she does not change shape. This is a polymorph effect. This ability replaces uncanny dodge, improved uncanny dodge, and the 2nd- and 8th-level rage powers.</p>",icons/weapons/axes/axe-double-engraved-runes.webp
Barbarian,"[[""Barbarian""],[""Mad Dog""]]",Barbarian (Mad Dog),Mad Dog,<barbarianuncannydodge_2,2,Pack Tactics (Ex),"<p>At 2nd level, a mad dog and her war beast gain a +4 bonus on attack rolls while flanking the same opponent (instead of the normal +2 bonus). This ability replaces uncanny dodge.</p>",icons/weapons/axes/axe-double-engraved-runes.webp
Barbarian,"[[""Barbarian""],[""Brutal Pugilist""]]",Barbarian (Brutal Pugilist),Brutal Pugilist,<barbariantrapsense_3,3,Pit Fighter (+1),"<p>At 3rd level, the brutal pugilist has learned combat tricks from fighting in pit brawls and gladiatorial arenas. She selects one combat maneuver and gains a +1 insight bonus on her CMB or to her CMD in that maneuver. This bonus increases to +2 if the barbarian is wearing no armor (shields are allowed). At every three levels after 3rd, the barbarian may select another combat maneuver and add this bonus on her CMB or to her CMD. This bonus can be applied to each maneuver no more than twice, once on CMB and once to CMD.</p>",icons/weapons/axes/axe-double-engraved-runes.webp
Barbarian,"[[""Barbarian""],[""Savage Technologist""]]",Barbarian (Savage Technologist),Savage Technologist,,3,Primal Magnetism,"<p>At 3rd level, a savage technologist adds her Strength modifier on Diplomacy checks when interacting with tribal cultures. She can expend 2 rounds of rage (even if not raging) to add a bonus equal to 1/2 his barbarian level on a Diplomacy check.</p>",icons/weapons/axes/axe-double-engraved-runes.webp
Barbarian,"[[""Barbarian""],[""Flesheater""]]",Barbarian (Flesheater),Flesheater,<barbarianrage_1,1,Rage,"<p>A barbarian can call upon inner reserves of strength and ferocity, granting her additional combat prowess. Starting at 1st level, a barbarian can rage for a number of rounds per day equal to 4 + her Constitution modifier. At each level after 1st, she can rage for 2 additional rounds. Temporary increases to Constitution, such as those gained from rage and spells like <i>bear's endurance </i>, do not increase the total number of rounds that a barbarian can rage per day. A barbarian can enter rage as a free action. The total number of rounds of rage per day is renewed after resting for 8 hours, although these hours do not need to be consecutive.While in rage, a barbarian gains a +4 morale bonus to her Strength and Constitution, as well as a +2 morale bonus on Will saves. In addition, she takes a -2 penalty to Armor Class. The increase to Constitution grants the barbarian 2 hit points per Hit Dice, but these disappear when the rage ends and are not lost first like temporary hit points. While in rage, a barbarian cannot use any Charisma-, Dexterity-, or Intelligence-based skills (except Acrobatics, Fly, Intimidate, and Ride) or any ability that requires patience or concentration.A barbarian can end her rage as a free action and is fatigued after rage for a number of rounds equal to 2 times the number of rounds spent in the rage. A barbarian cannot enter a new rage while fatigued or exhausted but can otherwise enter rage multiple times during a single encounter or combat. If a barbarian falls unconscious, her rage immediately ends, placing her in peril of death.</p><p>In additional to the standard bonuses and penalties of rage, a flesheater takes a &#150;2 penalty to Intelligence while raging. The additional benefits and penalties from a flesheater&#146;s abilities last only as long as her rage does, and she cannot use these abilities if they would bring the total penalty to Intelligence to an amount equal to or greater than her Intelligence score. This ability alters the rage ability.</p>",icons/weapons/axes/axe-double-engraved-runes.webp
Barbarian,"[[""Barbarian""],[""Mad Dog""]]",Barbarian (Mad Dog),Mad Dog,<barbarianrage_1,4,Rage,"<p>A mad dog gains this ability at 4th level, except that her effective barbarian level for the ability is equal to her barbarian level &#150; 3.</p><p>A barbarian can call upon inner reserves of strength and ferocity, granting her additional combat prowess. Starting at 1st level, a barbarian can rage for a number of rounds per day equal to 4 + her Constitution modifier. At each level after 1st, she can rage for 2 additional rounds. Temporary increases to Constitution, such as those gained from rage and spells like <i>bear's endurance </i>, do not increase the total number of rounds that a barbarian can rage per day. A barbarian can enter rage as a free action. The total number of rounds of rage per day is renewed after resting for 8 hours, although these hours do not need to be consecutive.While in rage, a barbarian gains a +4 morale bonus to her Strength and Constitution, as well as a +2 morale bonus on Will saves. In addition, she takes a -2 penalty to Armor Class. The increase to Constitution grants the barbarian 2 hit points per Hit Dice, but these disappear when the rage ends and are not lost first like temporary hit points. While in rage, a barbarian cannot use any Charisma-, Dexterity-, or Intelligence-based skills (except Acrobatics, Fly, Intimidate, and Ride) or any ability that requires patience or concentration.A barbarian can end her rage as a free action and is fatigued after rage for a number of rounds equal to 2 times the number of rounds spent in the rage. A barbarian cannot enter a new rage while fatigued or exhausted but can otherwise enter rage multiple times during a single encounter or combat. If a barbarian falls unconscious, her rage immediately ends, placing her in peril of death.</p>",icons/weapons/axes/axe-double-engraved-runes.webp
Barbarian,"[[""Barbarian""],[""Savage Technologist""]]",Barbarian (Savage Technologist),Savage Technologist,<barbarianrage_1,1,Rage,"<p>A savage technologist can enter rage as a barbarian, except she gains a morale bonus to Strength and Dexterity instead of Strength and Constitution, and she does not take a penalty to Armor Class. She retains the bonus on Will saving throws. When a barbarian ability would increase the savage technologist&#146;s Strength while raging, it increases her Dexterity instead. This ability alters rage.</p>",icons/weapons/axes/axe-double-engraved-runes.webp
Barbarian,"[[""Barbarian""],[""Wild Rager""]]",Barbarian (Wild Rager),Wild Rager,<barbarianimproveduncannydodge_5,5,Rage Conversion,"<p>At 5th level, a wild rager who fails a saving throw against any mind-affecting effect can attempt a new saving throw at the beginning of her next turn. If the save succeeds, that effect ends and she instead rages and becomes confused as noted above. This ability replaces improved uncanny dodge.</p>",icons/weapons/axes/axe-double-engraved-runes.webp
Barbarian,"[[""Barbarian""],[""Wildborn""]]",Barbarian (Wildborn),Wildborn,<barbarianragepowers_4,4,Rage power,"<p>As a barbarian gains levels, she learns to use her rage in new ways. Starting at 2nd level, a barbarian gains a rage power. She gains another rage power for every two levels of barbarian attained after 2nd level. A barbarian gains the benefits of rage powers only while raging, and some of these powers require the barbarian to take an action first. Unless otherwise noted, a barbarian cannot select an individual power more than once.</p><p>Bonus Feats: At 4th level, 10th level and 16th level, a wildborn can choose a bonus feat from the following rather than select a rage power: Alertness, Animal Affinity, Athletic, Great Fortitude, Improvised Weapon Mastery, Iron Will, Lightning Reflexes, Self-Sufficient, Stealthy, or Throw Anything.</p>",icons/weapons/axes/axe-double-engraved-runes.webp
Barbarian,"[[""Barbarian""],[""Drunken Brute""]]",Barbarian (Drunken Brute),Drunken Brute,<barbarianfastmovement_1,1,Raging Drunk (Ex),"<p>While raging, the drunken brute can drink a potion, or a tankard of ale or similar quantity of alcohol, as a move action that does not provoke attacks of opportunity. A potion has its normal effect, while an alcoholic drink allows the barbarian to maintain her rage that round without expending a round of rage for the day (instead of the alcohol&#146;s normal effects). For each alcoholic drink consumed while raging, the barbarian is nauseated for 1 round when her rage expires, in addition to the normal fatigue that follows a rage. Tireless rage does not negate this nauseated condition but the internal fortitude rage power does. This ability replaces fast movement.</p>",icons/weapons/axes/axe-double-engraved-runes.webp
Barbarian,"[[""Barbarian""],[""Pack Rager""]]",Barbarian (Pack Rager),Pack Rager,<barbariandamagereduction_7,7,"Raging Tactician (30ft., 1 feat)","<p>At 7th level, while a pack rager is raging, she grants a single teamwork feat she knows to all allies within 30 feet who can see and hear her. She chooses the feat at the start of the rage, and cannot change it during the rage. An ally who moves more than 30 feet away from the raging pack rager loses access to the feat, but regains it again each time he moves back within 30 feet of the raging pack rager. Allies do not need to meet the prerequisites of these teamwork feats.</p><p>At 13th level, the pack rager chooses two teamwork feats when she enters a rage, and grants her allies the use of both of those feats when they are within 30 feet of her.</p><p>At 16th level, the pack rager grants these teamwork feats as long as her allies are within 60 feet of her.</p><p>At 19th level, the pack rager chooses three teamwork feats when she enters a rage, and grants her allies the use of all three feats when they are within 60 feet of her.</p>",icons/weapons/axes/axe-double-engraved-runes.webp
Barbarian,"[[""Barbarian""],[""Raging Cannibal""]]",Barbarian (Raging Cannibal),Raging Cannibal,<barbariantrapsense_6,6,Razor-Toothed Fury (Ex),"<p>At 6th level, a raging cannibal&#146;s bite becomes even more fearsome. When using her bite attack, the raging cannibal can take a &#150;1 penalty on her attack roll to add 2 points of bleed damage to the damage dealt. At 10th level and every 4 levels thereafter, the attack penalty increases by 1 and the bleed damage increases by 2 points.</p>",icons/weapons/axes/axe-double-engraved-runes.webp
Barbarian,"[[""Barbarian""],[""Hateful Rager""]]",Barbarian (Hateful Rager),Hateful Rager,,2,Reduced Rage,"<p>At 2nd level and every level thereafter, a hateful rager only gains 1 additional round of rage per day instead of the normal 2 additional rounds of rage per day.</p>",icons/weapons/axes/axe-double-engraved-runes.webp
Barbarian,"[[""Barbarian""],[""Armored Hulk""]]",Barbarian (Armored Hulk),Armored Hulk,<barbariantrapsense_3,3,Resilience of Steel (+1),"<p>At 3rd level, an armored hulk is able to use her armor to help avoid deadly hits. While wearing heavy armor, she gains a +1 bonus to AC that applies only on critical hit confirmation rolls. This bonus increases by +1 every 3 levels beyond 3rd (maximum +6 at 18th level). This ability replaces trap sense.</p>",icons/weapons/axes/axe-double-engraved-runes.webp
Barbarian,"[[""Barbarian""],[""Feral Gnasher""]]",Barbarian (Feral Gnasher),Feral Gnasher,<barbarianfastmovement_1,1,Savage Bite (Ex),"<p>At 1st level, a feral gnasher gains a savage bite attack. This is a primary natural attack that deals 1d4 points of damage. If the goblin already has the hard head, big teeth racial trait, the damage increases to 1d6. At 10th level, the damage from a feral gnasher&#146;s bite increases to 1d6 (or 1d8 if the goblin has the hard head, big teeth racial trait) and deals &#215;3 damage on a critical hit. This ability replaces fast movement.</p>",icons/weapons/axes/axe-double-engraved-runes.webp
Barbarian,"[[""Barbarian""],[""Brutal Pugilist""]]",Barbarian (Brutal Pugilist),Brutal Pugilist,<barbarianuncannydodge_2,2,Savage Grapple (Ex),"<p>At 2nd level, the brutal pugilist takes only half the normal penalties to Dexterity, attack rolls, and combat maneuver checks when she has the grappled condition. She can make an attack of opportunity against creatures trying to grapple her even if they possess the Improved Grapple feat or the grab special attack. If she hits with this attack of opportunity, she gains a +2 circumstance bonus to her CMD against the grapple attempt. She cannot make these attacks of opportunity once a grapple has succeeded.</p>",icons/weapons/axes/axe-double-engraved-runes.webp
Barbarian,"[[""Barbarian""],[""Beastkin Berserker""]]",Barbarian (Beastkin Berserker),Beastkin Berserker,<barbarianfastmovement_1,1,Savage Rapport (Ex),"<p>At 1st level, a beastkin berserker gains a spiritual connection to a specific kind of creature with the animal type (such as a badger or a triceratops). She adds half her level (minimum 1) on Handle Animal, Intimidate, and Sense Motive checks involving the chosen type of animal.</p><p>At 5th level and every 5 levels thereafter (10th, 15th, and 20th levels), the beastkin berserker can select an additional kind of animal to which these bonuses apply.</p>",icons/weapons/axes/axe-double-engraved-runes.webp
Barbarian,"[[""Barbarian""],[""Sea Reaver""]]",Barbarian (Sea Reaver),Sea Reaver,<barbariantrapsense_3,3,Savage Sailor (+1),"<p>At 3rd level, a sea reaver gains a +1 bonus on Acrobatics, Climb, Profession (sailor), Survival, and Swim checks made in aquatic terrain, including aboard a ship or along shorelines. These bonuses improve by +1 every three levels after 3rd. This ability replaces trap sense.</p>",icons/weapons/axes/axe-double-engraved-runes.webp
Barbarian,"[[""Barbarian""],[""Scarred Rager""]]",Barbarian (Scarred Rager),Scarred Rager,<barbariantrapsense_3,3,Scarification (+1),"<p>At 3rd level, a scarred rager can ignore 1 point of bleed damage per round. This amount increases by 1 every three levels beyond 3rd. At 15th level, a scarred rager can ignore 1 bleed effect each round. This ability replaces trap sense.</p>",icons/weapons/axes/axe-double-engraved-runes.webp
Barbarian,"[[""Barbarian""],[""Sharptooth""]]",Barbarian (Sharptooth),Sharptooth,<barbarianimproveduncannydodge_5,5,Scent of Blood (Keen Scent),"<p>At 2nd level, a sharptooth gains scent as per the universal monster rule. At 5th level, she also gains keen scent as per universal monster rule.</p>",icons/weapons/axes/axe-double-engraved-runes.webp
Barbarian,"[[""Barbarian""],[""Sharptooth""]]",Barbarian (Sharptooth),Sharptooth,<barbarianuncannydodge_2,2,Scent of Blood (Scent),"<p>At 2nd level, a sharptooth gains scent as per the universal monster rule. At 5th level, she also gains keen scent as per universal monster rule.</p>",icons/weapons/axes/axe-double-engraved-runes.webp
Barbarian,"[[""Barbarian""],[""Mooncursed""]]",Barbarian (Mooncursed),Mooncursed,<barbarianrage_1,1,Shifting Rage (Su),"<p>A mooncursed can call upon an animal totem or inner curse, transforming her into a savage beast. Starting at 1st level, she chooses bear, boar, crocodile, shark, tiger, or wolf. Once chosen, this animal can&#146;t be changed. When using rounds of her shifting rage, instead of the usual bonuses and penalties from rage, the mooncursed transforms into a Medium version of this animal&#146;s form as if under the influence of beast shape I, treating her class level as her caster level whenever relevant. Other aspects of rage aside from the bonuses and penalties, such as the skill restrictions on skills and effects that require concentration, still apply during a shifting rage.</p>",icons/weapons/axes/axe-double-engraved-runes.webp
Barbarian,"[[""Barbarian""],[""Fearsome Defender""]]",Barbarian (Fearsome Defender),Fearsome Defender,<barbariantrapsense_3,3,Silent Threat (+1),"<p>At 3rd level, a fearsome defender exudes hostility, creating a threatening atmosphere in her presence. The fearsome defender gains a +1 bonus on Intimidate checks, and the DCs of Intimidate checks to demoralize her allies within 30 feet increase by 1. Both the bonus and the increase to DCs increase by 1 at 6th level and every 3 barbarian levels thereafter.</p>",icons/weapons/axes/axe-double-engraved-runes.webp
Barbarian,"[[""Barbarian""],[""Superstitious""]]",Barbarian (Superstitious),Superstitious,<barbariantrapsense_3,3,Sixth Sense (+1),"<p>At 3rd level, the superstitious barbarian gains a +1 bonus on initiative and a +1 insight bonus to AC during surprise rounds. This bonus increases by +1 for every three levels after 3rd. This ability replaces trap sense.</p>",icons/weapons/axes/axe-double-engraved-runes.webp
Barbarian,"[[""Barbarian""],[""Hurler""]]",Barbarian (Hurler),Hurler,<barbarianfastmovement_1,1,Skilled Thrower,<p>The hurler is skilled at throwing objects in combat. Increase the range increment of any thrown weapon or object by 10 feet. This ability replaces fast movement.</p>,icons/weapons/axes/axe-double-engraved-runes.webp
Barbarian,"[[""Barbarian""],[""Giant Stalker""]]",Barbarian (Giant Stalker),Giant Stalker,<barbarianuncannydodge_2,2,Smell Giants (Ex),"<p>A 2nd level, a giant stalker gains the scent special ability, but with regard only to humanoids with the giant subtype.</p>",icons/weapons/axes/axe-double-engraved-runes.webp
Barbarian,"[[""Barbarian""],[""Deepwater Rager""]]",Barbarian (Deepwater Rager),Deepwater Rager,<barbarianuncannydodge_2,2,Spiraling Charge (Ex),"<p>At 2nd level, a deepwater rager is not required to move in a straight line when she charges, provided that no space she moves into while charging is farther away from her target than the space that she is leaving. The deepwater rager must be able to see her target at the beginning of her charge and cannot use this ability while mounted.</p>",icons/weapons/axes/axe-double-engraved-runes.webp
Barbarian,"[[""Barbarian""],[""Geminate Invoker""]]",Barbarian (Geminate Invoker),Geminate Invoker,<barbarianragepowers_4,4,Spirit Conduit (Su),"<p>At 4th level, a geminate invoker can invite a spirit into his body each time he enters a trance, gaining a lesser totem rage power for the duration of his trance. He can select a new totem each time he enters his trance, though the GM might rule that certain totem spirits are simply not available in certain locations (such as channeling a celestial totem in an evil god&#146;s temple). Invoking a totem counter to his alignment (such as a neutral good character invoking a fiend totem) requires the geminate invoker to succeed at a DC 12 Charisma check each round to dominate the spirit. Failure indicates the spirit escapes, immediately ending the trance. At 8th level, the geminate invoker gains a second totem rage power, though it must use the previously granted lesser totem rage power as a prerequisite. At 12th level, he also gains the greater totem rage power that uses the previously granted powers as prerequisites.</p>",icons/weapons/axes/axe-double-engraved-runes.webp
Barbarian,"[[""Barbarian""],[""Drunken Rager""]]",Barbarian (Drunken Rager),Drunken Rager,<barbarianuncannydodge_2,2,Staggering Evasion (Ex),"<p>At 2nd level, as long as she has at least 1 drunken rage point, a drunken rager gains evasion, as the rogue class feature of the same name. This ability replaces uncanny dodge.</p>",icons/weapons/axes/axe-double-engraved-runes.webp
Barbarian,"[[""Barbarian""],[""Dreadnought""]]",Barbarian (Dreadnought),Dreadnought,<barbarianfastmovement_1,1,Stead Gait (Ex),"<p>A dreadnought advances steadily, shrugging off attempts to slow her advance. The dreadnought gains a +1 bonus on saving throws and to her CMD against effects that would slow or immobilize her. This bonus increases to +2 when she gains greater rage and +3 when she gains mighty rage.</p>",icons/weapons/axes/axe-double-engraved-runes.webp
Barbarian,"[[""Barbarian""],[""Deepwater Rager""]]",Barbarian (Deepwater Rager),Deepwater Rager,<barbarianfastmovement_1,1,Strong Lungs (Ex),"<p>A deepwater rager can hold her breath for a number of rounds equal to four times her Constitution score, and she does not reduce the duration of her held breath by taking a standard action or a full-round action. Additionally, as long as she is able to speak, the deepwater rager adds her Constitution modifier to Intimidate skill checks in addition to her Charisma modifier.</p>",icons/weapons/axes/axe-double-engraved-runes.webp
Barbarian,"[[""Barbarian""],[""Brutish Swamper""]]",Barbarian (Brutish Swamper),Brutish Swamper,<barbariantrapsense_3,3,Stubborn (-2),"<p>At 3rd level, a barbarian gains a +1 bonus on Reflex saves made to avoid traps and a +1 dodge bonus to AC against attacks made by traps. These bonuses increase by +1 every three barbarian levels thereafter (6th, 9th, 12th, 15th, and 18th level). Trap sense bonuses gained from multiple classes stack.</p>",icons/weapons/axes/axe-double-engraved-runes.webp
Barbarian,"[[""Barbarian""],[""Cave Dweller""]]",Barbarian (Cave Dweller),Cave Dweller,<barbariandamagereduction_7,7,Sun Walker (+1),"<p>At 7th level, a cave dweller gains a +1 dodge bonus to AC and on saving throws against effects with the light descriptor or that produce bright or sudden light. Any penalties on attack rolls, saving throws, or skill checks because of bright light are reduced by 1. At 10th level and every 3 levels after 10th, the bonus to AC and saving throws, as well as the reduction of light-based penalties, increases by 1.</p>",icons/weapons/axes/axe-double-engraved-runes.webp
Barbarian,"[[""Barbarian""],[""Sea Reaver""]]",Barbarian (Sea Reaver),Sea Reaver,<barbarianimproveduncannydodge_5,5,Sure-Footed (Ex),"<p>At 5th level, a sea reaver takes no penalties when moving across slick surfaces, whether natural or magical (e.g., grease, ice storm, and sleet storm). She is not at risk of falling, is not denied her Dexterity bonus when moving across such areas, and does not treat them as difficult terrain. This ability replaces improved uncanny dodge.</p>",icons/weapons/axes/axe-double-engraved-runes.webp
Barbarian,"[[""Barbarian""],[""Sharptooth""]]",Barbarian (Sharptooth),Sharptooth,<barbarianfastmovement_1,1,Swim Like a Fish (10 ft.),"<p>A barbarian's land speed is faster than the norm for her race by +10 feet. This benefit applies only when she is wearing no armor, light armor, or medium armor, and not carrying a heavy load. Apply this bonus before modifying the barbarian's speed because of any load carried or armor worn. This bonus stacks with any other bonuses to the barbarian's land speed.</p>",icons/weapons/axes/axe-double-engraved-runes.webp
Barbarian,"[[""Barbarian""],[""Savage Technologist""]]",Barbarian (Savage Technologist),Savage Technologist,<barbarianuncannydodge_2,2,Sword and Gun,"<p>At 2nd level, when a raging savage technologist wields a one-handed firearm in one hand and a light or one-handed melee weapon in the other, she can make ranged attacks with the firearm without provoking attacks of opportunity. She also gains the benefits of the Two-Weapon Fighting feat, but only if all attacks are made with those weapons. This ability replaces Uncanny Dodge.</p>",icons/weapons/axes/axe-double-engraved-runes.webp
Barbarian,"[[""Barbarian""],[""Pack Hunter""]]",Barbarian (Pack Hunter),Pack Hunter,<barbarianragepowers_6,6,Sympathetic Rage,"<p>At 6th level, if an ally within 30 feet is bloodraging or raging, a pack hunter counts as raging even if knocked unconscious. She has to have been raging when incapacitated to maintain her rage, and she ceases raging normally if she depletes her maximum number of rounds of rage in a day.</p>",icons/weapons/axes/axe-double-engraved-runes.webp
Barbarian,"[[""Barbarian""],[""Scarred Rager""]]",Barbarian (Scarred Rager),Scarred Rager,<barbarianfastmovement_1,1,Terrifying Visage,"<p>A scarred rager adds 1/2 her barbarian level on Intimidate checks against humanoids who are not members of barbarian tribes. When dealing with barbarians, the scarred rager may choose to add this bonus on Diplomacy checks instead. The DC of any fear effect created by the scarred rager also increases by 1. This ability replaces fast movement.</p>",icons/weapons/axes/axe-double-engraved-runes.webp
Barbarian,"[[""Barbarian""],[""Mad Dog""]]",Barbarian (Mad Dog),Mad Dog,<barbarianindomitablewill_14,14,Throat Cutter (Ex),"<p>At 14th level, whenever her war beast succeeds at a bull rush, drag, grapple, overrun, or trip combat maneuver against an opponent threatened by the mad dog, a mad dog can take an attack of opportunity against that opponent. This ability replaces indomitable will.</p>",icons/weapons/axes/axe-double-engraved-runes.webp
Barbarian,"[[""Barbarian""],[""Cave Dweller""]]",Barbarian (Cave Dweller),Cave Dweller,<barbarianfastmovement_1,1,Tight Tunnels (Ex),"<p>Cave dwellers pursue prey through the winding tunnels of the deep, which rarely accommodate open sprints. A cave dweller can make a single turn up to 90 degrees while running (though not while charging). Additionally, a cave dweller takes no penalties to movement speed while squeezing.</p>",icons/weapons/axes/axe-double-engraved-runes.webp
Barbarian,"[[""Barbarian""],[""Titan Mauler""]]",Barbarian (Titan Mauler),Titan Mauler,<barbarianindomitablewill_14,14,Titanic Rage (Su),"<p>At 14th level, a titan mauler may choose to gain the benefits of enlarge person when she enters a rage. While using titanic rage, she must spend 2 rounds of rage per round, and she becomes exhausted rather than fatigued when the rage ends. This ability replaces indomitable will.</p>",icons/weapons/axes/axe-double-engraved-runes.webp
Barbarian,"[[""Barbarian""],[""Scarred Rager""]]",Barbarian (Scarred Rager),Scarred Rager,<barbarianuncannydodge_2,2,Tolerance,"<p>At 2nd level, a scarred rager who fails a save against an effect that causes her to become nauseated, sickened, fatigued, or exhausted can make a second save to negate the effect on the start of her next turn. Only one additional save is allowed. If the effect does not allow a saving throw, its duration is halved instead (minimum of 1 round). This ability replaces uncanny dodge.</p>",icons/weapons/axes/axe-double-engraved-runes.webp
Barbarian,"[[""Barbarian""],[""Drunken Rager""]]",Barbarian (Drunken Rager),Drunken Rager,<barbariantrapsense_3,3,Tolerance (+1),"<p>At 3rd level, as long as she has at least 1 drunken rage point, a drunken rager gains a +1 bonus on saves against effects that would nauseate, poison, or sicken her, as well as saves to avoid addiction or other ill effects associated with consuming alcohol. This bonus increases by 1 at 6th level and every 3 levels thereafter. This ability replaces trap sense.</p>",icons/weapons/axes/axe-double-engraved-runes.webp
Barbarian,"[[""Barbarian""],[""<id-00002""]]",Barbarian (Geminate Invoker),Geminate Invoker,<id-00002,1,Trance (Ex),"<p>As a free action, a geminate invoker can enter a self-imposed trance, ignoring the physical limits of his body. This ability functions similarly to a barbarian&#146;s rage, except where noted below, and feats, spells, and abilities that affect a barbarian&#146;s rage (such as the Extra Rage feat) apply to an geminate invoker&#146;s trance. A geminate invoker gains rage powers as per a normal barbarian, but he can never gain totem rage powers via this ability.</p><p>Instead of the normal rage bonuses and penalties, a geminate invoker in a trance gains a +4 morale bonus to his Constitution; gains a +2 morale bonus on Reflex and Will saving throws; takes no penalties to AC; can still use Dexterity-, Intelligence-, and Charisma-based skills; and gains Diehard as a bonus feat. The Constitution bonus increases to +6 and the save bonus increases to +3 when he gains greater rage, and they increase to a +8 Constitution bonus and a +4 bonus on saves when he gains mighty rage.</p>",icons/weapons/axes/axe-double-engraved-runes.webp
Barbarian,"[[""Barbarian""],[""True Primitive""]]",Barbarian (True Primitive),True Primitive,<barbariantrapsense_3,3,Trophy Fetish (Ex),"<p>A true primitive collects teeth, bones, hair, and other trophies from vanquished enemies, representing their power and strength. At 3rd level, a true primitive can attach a trophy fetish to one of the traditional true primitive weapons listed above. When wielding that weapon, the true primitive gains a +1 morale bonus on damage rolls. Furthermore, if that weapon has the fragile property, once per day, the true primitive can ignore the effects of a single natural 1 roll. A trophy fetish can also be attached to a suit of hide or bone armor, granting the true primitive a +1 morale bonus on saving throws. Furthermore, if that armor has the fragile property, once per day, the true primitive can chose not to have the armor break on the confirmation of a critical hit made against her. Every five levels beyond 3rd, a true primitive can use an additional trophy fetish. Multiple trophy fetishes can be attached to the same armor or weapon; their effects stack. A trophy fetish can be sundered (hardness 5, 1 hit point) but is not damaged by area attacks or attacks that do not specifically target it. It has no effect if attached to other types of weapons or armor. This ability replaces trap sense.</p>",icons/weapons/axes/axe-double-engraved-runes.webp
Barbarian,"[[""Barbarian""],[""Cave Dweller""]]",Barbarian (Cave Dweller),Cave Dweller,<barbariantrapsense_3,3,Tunnel Vision (+1),"<p>At 3rd level, a cave dweller&#146;s senses become sharp in the dark. She gains darkvision to a range of 60 feet and a +1 bonus on Perception checks to detect ambushes, movement, and sound while in darkness. This bonus increases by 1 at 6th level and every 3 levels thereafter.</p>",icons/weapons/axes/axe-double-engraved-runes.webp
Barbarian,"[[""Barbarian""],[""Flesheater""]]",Barbarian (Flesheater),Flesheater,<barbarianmightyrage_20,20,Unbound Form (Su),"<p>At 20th level, a flesheater can use her one flesh ability to assume the shape of a valid consumed creature. This ability functions as alter self, beast shape IV, form of the dragon III, or giant form II, as appropriate. This is a polymorph effect. This ability replaces mighty rage.</p>",icons/weapons/axes/axe-double-engraved-runes.webp
Barbarian,"[[""Barbarian""],[""Flesheater""]]",Barbarian (Flesheater),Flesheater,<barbariangreaterrage_11,11,Unbound Rage (Su),"<p>At 11th level, a flesheater can draw in mass from the Ethereal Plane to enlarge herself when she enters a rage, as long as the creature whose flesh she last consumed was at least one size category larger than her base size. Unbound rage affects her as enlarge person, except she receives a +4 size bonus to Strength and an additional &#150;2 penalty to Intelligence. This ability replaces greater rage.</p>",icons/weapons/axes/axe-double-engraved-runes.webp
Barbarian,"[[""Barbarian""],[""Wild Rager""]]",Barbarian (Wild Rager),Wild Rager,,1,Uncontrolled Rage (Ex),"<p>A wild rager&#146;s rage functions as normal, except that when she reduces a creature to 0 or fewer hit points, she must attempt a Will save (DC 10 + 1/2 the barbarian&#146;s level + the barbarian&#146;s Constitution modifier) or become confused. For the remainder of her current turn, she attacks the nearest creature other than herself. On the following round, refer to the confusion spell to determine her actions. At the end of this round, and each round thereafter, she can attempt a new saving throw to end the confusion effect. The rounds during which she is confused do not count against the rounds she has spent raging that day, but she cannot end her rage voluntarily, nor can she use rage powers while confused.</p>",icons/weapons/axes/axe-double-engraved-runes.webp
Barbarian,"[[""Barbarian""],[""Mad Dog""]]",Barbarian (Mad Dog),Mad Dog,<barbarianragepowers_2,1,War Beast (Ex),"<p>At 1st level, a mad dog gains the service of an animal companion, using the barbarian&#146;s level as her effective druid level. This ability replaces the rage powers gained at 2nd, 6th, 10th, 14th, and 18th level.</p>",icons/weapons/axes/axe-double-engraved-runes.webp
Barbarian,"[[""Barbarian""],[""Sea Reaver""]]",Barbarian (Sea Reaver),Sea Reaver,<barrbarianbarbarianweaponandarmorproficiency_1,1,Weapon and Armor Proficiency,"<p>A barbarian is proficient with all simple and martial weapons, light armor, and shields (except tower shields).</p>",icons/weapons/axes/axe-double-engraved-runes.webp
Barbarian,"[[""Barbarian""],[""Armored Hulk""]]",Barbarian (Armored Hulk),Armored Hulk,<barrbarianbarbarianweaponandarmorproficiency_1,1,Weapon and Armor Proficiency,"<p>A barbarian is proficient with all simple and martial weapons, light armor, medium armor, heavy armor, and shields (except tower shields).</p>",icons/weapons/axes/axe-double-engraved-runes.webp
Barbarian,"[[""Barbarian""],[""Feral Gnasher""]]",Barbarian (Feral Gnasher),Feral Gnasher,<barrbarianbarbarianweaponandarmorproficiency_1,1,Weapon and Armor Proficiency,<p>A feral gnasher loses all martial weapon proficiencies except for greatclub and loses proficiency with medium armor.</p>,icons/weapons/axes/axe-double-engraved-runes.webp
Barbarian,"[[""Barbarian""],[""Savage Technologist""]]",Barbarian (Savage Technologist),Savage Technologist,<barrbarianbarbarianweaponandarmorproficiency_1,1,Weapon and Armor Proficiency,"<p>A savage technologist is proficient with all simple and martial weapons, all firearms, light armor, and shields (except tower shields).</p>",icons/weapons/axes/axe-double-engraved-runes.webp
Barbarian,"[[""Barbarian""],[""True Primitive""]]",Barbarian (True Primitive),True Primitive,<barrbarianbarbarianweaponandarmorproficiency_1,1,Weapon and Armor Proficiency,"<p>A true primitive is proficient with hide armor and armors made from bone. A true primitive is also proficient with bone shields and the following weapons: battleaxe, blowgun, club, greatclub, handaxe, longspear, shortspear, sling, and spear.</p>",icons/weapons/axes/axe-double-engraved-runes.webp
Barbarian,"[[""Barbarian""],[""Wildborn""]]",Barbarian (Wildborn),Wildborn,<barrbarianbarbarianweaponandarmorproficiency_1,1,Weapon and Armor Proficiency,"<p>A wildborn is proficient with leather and hide armors (but not shields) and all simple weapons that can be crafted from bone, stone, or wood. In addition, a wildborn gains Improved Unarmed Strike and Catch Off-Guard as bonus feats at 1st level. If she uses any other kind of weapon or armor, she loses her abilities from this archetype (except illiteracy) for the next 24 hours.</p>",icons/weapons/axes/axe-double-engraved-runes.webp
Barbarian,"[[""Barbarian""],[""Feral Gnasher""]]",Barbarian (Feral Gnasher),Feral Gnasher,<barbariantrapsense_12,12,Wicked Improvisation (+1),"<p>At 12th level, a feral gnasher becomes more capable with improvised weapons and natural attacks. The feral gnasher gains a +1 competence bonus on damage rolls when using natural attacks or improvised weapons while raging. At 14th level and every two levels thereafter, the damage bonus increases by +1. This increase is not precision damage and is thus multiplied on a critical hit. This ability replaces trap sense +4.</p>",icons/weapons/axes/axe-double-engraved-runes.webp
Barbarian,"[[""Barbarian""],[""Wild Rager""]]",Barbarian (Wild Rager),Wild Rager,<barbarianuncannydodge_2,2,Wild Fighting (Ex),"<p>At 2nd level, even when not raging, wild ragers often fight with reckless, savage abandon. A wild rager using the full-attack action can make one extra attack per round at her highest base attack bonus. Until the beginning of her next turn, however, she takes a &#150;2 penalty on attack rolls and &#150;4 penalty to AC. This ability replaces uncanny dodge.</p>",icons/weapons/axes/axe-double-engraved-runes.webp
Barbarian,"[[""Barbarian""],[""Brutish Swamper""]]",Barbarian (Brutish Swamper),Brutish Swamper,<barbarianragepowers_6,6,Wrastlin (Ex),"<p>At 6th level, while raging, a brutish swamper gains a +2 bonus to her CMD against grapple combat maneuvers and a +2 bonus on damage rolls made as part of successful grapple combat maneuver checks.</p>",icons/weapons/axes/axe-double-engraved-runes.webp
